Rank,Name,Pay,Salary/Winnings,Endorsements,Sport,Year
#1,Lionel Messi,$127 M,$92 M,$35 M,Soccer,2019
#2,Cristiano Ronaldo,$109 M,$65 M,$44 M,Soccer,2019
#3,Neymar,$105 M,$75 M,$30 M,Soccer,2019
#4,Canelo Alvarez,$94 M,$92 M,$2 M,Boxing,2019
#5,Roger Federer,$93.4 M,$7.4 M,$86 M,Tennis,2019
#6,Russell Wilson,$89.5 M,$80.5 M,$9 M,Football,2019
#7,Aaron Rodgers,$89.3 M,$80.3 M,$9 M,Football,2019
#8,LeBron James,$89 M,$36 M,$53 M,Basketball,2019
#9,Stephen Curry,$79.8 M,$37.8 M,$42 M,Basketball,2019
#10,Kevin Durant,$65.4 M,$30.4 M,$35 M,Basketball,2019
#11,Tiger Woods,$63.9 M,$9.9 M,$54 M,Golf,2019
#12,Ben Roethlisberger,$55.5 M,$54.5 M,$1 M,Football,2019
#13,Lewis Hamilton,$55 M,$45 M,$10 M,Auto Racing,2019
#13,Anthony Joshua,$55 M,$45 M,$10 M,Boxing,2019
#13,Khalil Mack,$55 M,$54 M,$1 M,Football,2019
#16,Russell Westbrook,$53.7 M,$35.7 M,$18 M,Basketball,2019
#17,Novak Djokovic,$50.6 M,$20.6 M,$30 M,Tennis,2019
#17,Mike Trout,$50.6 M,$47.6 M,$3 M,Baseball,2019
#19,Phil Mickelson,$48.4 M,$12.4 M,$36 M,Golf,2019
#20,James Harden,$47.7 M,$30.7 M,$17 M,Basketball,2019
#21,Conor McGregor,$47 M,$32 M,$15 M,Mixed Martial Arts,2019
#22,DeMarcus Lawrence,$46.9 M,$46.8 M,$150 K,Football,2019
#23,Bryce Harper,$44.5 M,$38 M,$6.5 M,Baseball,2019
#24,Chris Paul,$43.8 M,$35.8 M,$8 M,Basketball,2019
#25,Kyrie Irving,$43.3 M,$20.3 M,$23 M,Basketball,2019
#26,Giannis Antetokounmpo,$43.2 M,$24.2 M,$19 M,Basketball,2019
#27,Drew Brees,$42.4 M,$26.4 M,$16 M,Football,2019
#28,Aaron Donald,$41.4 M,$40.9 M,$500 K,Football,2019
#29,Damian Lillard,$41.1 M,$28.1 M,$13 M,Basketball,2019
#30,Sebastian Vettel,$40.3 M,$40 M,$300 K,Auto Racing,2019
#31,Blake Griffin,$39.1 M,$32.1 M,$7 M,Basketball,2019
#32,Rory McIlroy,$39 M,$8 M,$31 M,Golf,2019
#33,Paul George,$38.6 M,$30.6 M,$8 M,Basketball,2019
#34,Brandin Cooks,$38 M,$37.5 M,$500 K,Football,2019
#35,Kei Nishikori,$37.3 M,$4.3 M,$33 M,Tennis,2019
#36,Nick Foles,$35.8 M,$33.8 M,$2 M,Football,2019
#37,Rafael Nadal,$35 M,$9 M,$26 M,Tennis,2019
#38,Manny Machado,$34.8 M,$34.3 M,$500 K,Baseball,2019
#39,Anthony Davis,$34.6 M,$25.6 M,$9 M,Basketball,2019
#40,Gordon Hayward,$34.3 M,$31.3 M,$3 M,Basketball,2019
#40,Klay Thompson,$34.3 M,$19.3 M,$15 M,Basketball,2019
#42,Carmelo Anthony,$34 M,$28 M,$6 M,Basketball,2019
#43,Kyle Lowry,$33.8 M,$32.3 M,$1.5 M,Basketball,2019
#44,Paul Pogba,$33 M,$29 M,$4 M,Soccer,2019
#45,DeMar DeRozan,$32.8 M,$27.8 M,$5 M,Basketball,2019
#46,Andres Iniesta,$32.5 M,$30 M,$2.5 M,Soccer,2019
#47,Justin Rose,$32.4 M,$18.4 M,$14 M,Golf,2019
#48,Joel Embiid,$32.1 M,$25.6 M,$6.5 M,Basketball,2019
#49,Al Horford,$32 M,$29 M,$3 M,Basketball,2019
#50,David Price,$31.7 M,$30.7 M,$950 K,Baseball,2019
#51,Mike Conley Jr.,$31.5 M,$30.5 M,$1 M,Basketball,2019
#52,Jordan Spieth,$31.1 M,$2.1 M,$29 M,Golf,2019
#53,Alexis Sánchez,$30.8 M,$28.3 M,$2.5 M,Soccer,2019
#54,Clayton Kershaw,$30.7 M,$30 M,$700 K,Baseball,2019
#55,Kylian Mbappe,$30.6 M,$26.6 M,$4 M,Soccer,2019
#56,Deontay Wilder,$30.5 M,$30 M,$500 K,Boxing,2019
#57,Trey Flowers,$30.2 M,$30 M,$250 K,Football,2019
#57,Mesut Ozil,$30.2 M,$23.7 M,$6.5 M,Soccer,2019
#59,Paul Millsap,$30.1 M,$29.6 M,$500 K,Basketball,2019
#60,Matt Ryan,$29.8 M,$24.8 M,$5 M,Football,2019
#61,Justin Verlander,$29.5 M,$28.5 M,$1 M,Baseball,2019
#62,Yoenis Cespedes,$29.4 M,$29 M,$400 K,Baseball,2019
#63,Miguel Cabrera,$29.2 M,$28.7 M,$500 K,Baseball,2019
#63,Serena Williams,$29.2 M,$4.2 M,$25 M,Tennis,2019
#65,Geno Atkins,$29.1 M,$29 M,$75 K,Football,2019
#66,Oscar,$29 M,$27 M,$2 M,Soccer,2019
#66,Earl Thomas,$29 M,$28.5 M,$500 K,Football,2019
#68,Jake Arrieta,$28.8 M,$28.3 M,$500 K,Baseball,2019
#68,C.J. McCollum,$28.8 M,$25.8 M,$3 M,Basketball,2019
#70,Kawhi Leonard,$28.7 M,$23.2 M,$5.5 M,Basketball,2019
#71,Kevin Love,$28.4 M,$24.4 M,$4 M,Basketball,2019
#72,Justin Houston,$28.2 M,$28 M,$200 K,Football,2019
#73,Albert Pujols,$28 M,$27.3 M,$700 K,Baseball,2019
#74,Dwight Howard,$27.8 M,$24.3 M,$3.5 M,Basketball,2019
#75,Antoine Griezmann,$27.7 M,$23.2 M,$4.5 M,Soccer,2019
#76,Jrue Holiday,$27.6 M,$27.1 M,$500 K,Basketball,2019
#77,Giancarlo Stanton,$27.4 M,$25.4 M,$2 M,Baseball,2019
#78,Steven Adams,$27.2 M,$24.2 M,$3 M,Basketball,2019
#79,Gareth Bale,$27.1 M,$20.6 M,$6.5 M,Soccer,2019
#79,Bradley Beal,$27.1 M,$25.6 M,$1.5 M,Basketball,2019
#81,Tom Brady,$27 M,$15 M,$12 M,Football,2019
#82,Andrew Luck,$26.9 M,$24.1 M,$2.8 M,Football,2019
#82,C.J. Mosley,$26.9 M,$26.7 M,$150 K,Football,2019
#84,Felix Hernandez,$26.6 M,$26.3 M,$300 K,Baseball,2019
#85,Odell Beckham Jr.,$26.5 M,$21.5 M,$5 M,Football,2019
#85,Otto Porter Jr.,$26.5 M,$26 M,$500 K,Basketball,2019
#87,Andre Drummond,$26.4 M,$25.4 M,$1 M,Basketball,2019
#88,Harrison Barnes,$26.3 M,$24.8 M,$1.5 M,Basketball,2019
#89,Nikola Jokic,$26.2 M,$25.5 M,$750 K,Basketball,2019
#89,Hassan Whiteside,$26.2 M,$25.4 M,$750 K,Basketball,2019
#91,Andrew Wiggins,$26.1 M,$25.5 M,$600 K,Basketball,2019
#92,Manny Pacquiao,$26 M,$24 M,$2 M,Boxing,2019
#93,Saquon Barkley,$25.8 M,$21.3 M,$4.5 M,Football,2019
#94,J.D. Martinez,$25.6 M,$24.9 M,$700 K,Baseball,2019
#95,Gennady Golovkin,$25.5 M,$23 M,$2.5 M,Boxing,2019
#96,Joey Votto,$25.4 M,$25.1 M,$300 K,Baseball,2019
#97,Jon Lester,$25.3 M,$25 M,$300 K,Baseball,2019
#98,Marc Gasol,$25.1 M,$24.1 M,$1 M,Basketball,2019
#98,Mohamed Salah,$25.1 M,$16.1 M,$9 M,Soccer,2019
#100,Virat Kohli,$25 M,$4 M,$21 M,Cricket,2019
#1,Floyd Mayweather,$285 M,$275 M,$10 M,Boxing,2018
#2,Lionel Messi,$111 M,$84 M,$27 M,Soccer,2018
#3,Cristiano Ronaldo,$108 M,$61 M,$47 M,Soccer,2018
#4,Conor McGregor,$99 M,$85 M,$14 M,Mixed Martial Arts,2018
#5,Neymar,$90 M,$73 M,$17 M,Soccer,2018
#6,LeBron James,$85.5 M,$33.5 M,$52 M,Basketball,2018
#7,Roger Federer,$77.2 M,$12.2 M,$65 M,Tennis,2018
#8,Stephen Curry,$76.9 M,$34.9 M,$42 M,Basketball,2018
#9,Matt Ryan,$67.3 M,$62.3 M,$5 M,Football,2018
#10,Matthew Stafford,$59.5 M,$57.5 M,$2 M,Football,2018
#11,Kevin Durant,$57.3 M,$25.3 M,$32 M,Basketball,2018
#12,Lewis Hamilton,$51 M,$42 M,$9 M,Auto Racing,2018
#13,Russell Westbrook,$47.6 M,$28.6 M,$19 M,Basketball,2018
#14,James Harden,$46.4 M,$28.4 M,$18 M,Basketball,2018
#15,Canelo Alvarez,$44.5 M,$42 M,$2.5 M,Boxing,2018
#16,Tiger Woods,$43.3 M,$1.3 M,$42 M,Golf,2018
#17,Drew Brees,$42.9 M,$29.9 M,$13 M,Football,2018
#18,Sebastian Vettel,$42.3 M,$42 M,$300 K,Auto Racing,2018
#19,Derek Carr,$42.1 M,$40.1 M,$2 M,Football,2018
#20,Rafael Nadal,$41.4 M,$14.4 M,$27 M,Tennis,2018
#20,Alex Smith,$41.4 M,$40.4 M,$1 M,Football,2018
#22,Phil Mickelson,$41.3 M,$4.3 M,$37 M,Golf,2018
#23,Jordan Spieth,$41.2 M,$11.2 M,$30 M,Golf,2018
#24,Damian Lillard,$39.2 M,$26.2 M,$13 M,Basketball,2018
#25,Anthony Joshua,$39 M,$32 M,$7 M,Boxing,2018
#26,Rory McIlroy,$37.7 M,$3.7 M,$34 M,Golf,2018
#27,Trumaine Johnson,$37 M,$36.8 M,$250 K,Football,2018
#28,Jimmy Garoppolo,$36.2 M,$36 M,$200 K,Football,2018
#29,Kyrie Irving,$36.1 M,$19.1 M,$17 M,Basketball,2018
#30,Giannis Antetokounmpo,$35.5 M,$22.5 M,$13 M,Basketball,2018
#30,Blake Griffin,$35.5 M,$29.5 M,$6 M,Basketball,2018
#32,Ryan Tannehill,$35.2 M,$34.7 M,$500 K,Football,2018
#33,Von Miller,$35.1 M,$33.1 M,$2 M,Football,2018
#34,Anthony Davis,$34.9 M,$23.9 M,$11 M,Basketball,2018
#35,Gareth Bale,$34.6 M,$28.6 M,$6 M,Soccer,2018
#35,Kei Nishikori,$34.6 M,$1.6 M,$33 M,Tennis,2018
#37,Clayton Kershaw,$34.5 M,$33.8 M,$750 K,Baseball,2018
#38,Carmelo Anthony,$33.2 M,$26.2 M,$7 M,Basketball,2018
#39,Fernando Alonso,$33 M,$32 M,$1 M,Auto Racing,2018
#39,Demar DeRozan,$33 M,$27.5 M,$5.5 M,Basketball,2018
#41,Chris Paul,$31.9 M,$24.9 M,$7 M,Basketball,2018
#42,Paul Millsap,$31.8 M,$31.3 M,$500 K,Basketball,2018
#42,Dwyane Wade,$31.8 M,$17.8 M,$14 M,Basketball,2018
#44,Klay Thompson,$31.1 M,$18.1 M,$13 M,Basketball,2018
#45,Usain Bolt,$31 M,$1 M,$30 M,Track,2018
#46,Gordon Hayward,$30.8 M,$29.8 M,$1 M,Basketball,2018
#47,David Price,$30.7 M,$30 M,$650 K,Baseball,2018
#48,Kyle Lowry,$30.5 M,$29 M,$1.5 M,Basketball,2018
#49,Albert Pujols,$30.3 M,$29.3 M,$1 M,Baseball,2018
#50,Mike Conley,$30 M,$28.5 M,$1.5 M,Basketball,2018
#51,Al Horford,$29.8 M,$27.8 M,$2 M,Basketball,2018
#52,Paul Pogba,$29.5 M,$25 M,$4.5 M,Soccer,2018
#53,Justin Verlander,$29.4 M,$28.4 M,$1 M,Baseball,2018
#54,Miguel Cabrera,$29.2 M,$28.7 M,$500 K,Baseball,2018
#55,Kirk Cousins,$28.4 M,$26.9 M,$1.5 M,Football,2018
#56,Oscar,$27.4 M,$25.9 M,$1.5 M,Soccer,2018
#57,Paul George,$27.1 M,$19.6 M,$7.5 M,Basketball,2018
#58,Dwight Howard,$27 M,$23.5 M,$3.5 M,Basketball,2018
#58,Wayne Rooney,$27 M,$22 M,$5 M,Soccer,2018
#60,Jrue Holiday,$26.9 M,$26.7 M,$250 K,Basketball,2018
#60,Kevin Love,$26.9 M,$22.9 M,$4 M,Basketball,2018
#60,Luis Suarez,$26.9 M,$19.9 M,$7 M,Soccer,2018
#63,Felix Hernandez,$26.7 M,$26.3 M,$400 K,Baseball,2018
#64,Mike Trout,$26.4 M,$23.9 M,$2.5 M,Baseball,2018
#65,Chris Bosh,$26.3 M,$25.3 M,$1 M,Basketball,2018
#66,Justin Thomas,$26 M,$21 M,$5 M,Golf,2018
#67,C.J. McCollum,$25.8 M,$23.8 M,$2 M,Basketball,2018
#68,Eli Manning,$25.5 M,$18.5 M,$7 M,Football,2018
#69,DeAndre Hopkins,$25.3 M,$24.1 M,$1.2 M,Football,2018
#69,Otto Porter Jr.,$25.3 M,$24.8 M,$500 K,Basketball,2018
#71,Yoenis Cespedes,$25.2 M,$24.7 M,$500 K,Baseball,2018
#72,Gennady Golovkin,$25 M,$23 M,$2 M,Boxing,2018
#72,Buster Posey,$25 M,$21.5 M,$3.5 M,Baseball,2018
#74,Bradley Beal,$24.9 M,$23.9 M,$1 M,Basketball,2018
#74,Andre Drummond,$24.9 M,$23.9 M,$1 M,Basketball,2018
#76,Harrison Barnes,$24.6 M,$23.1 M,$1.5 M,Basketball,2018
#77,Davante Adams,$24.5 M,$24 M,$500 K,Football,2018
#77,Hassan Whiteside,$24.5 M,$23.8 M,$750 K,Basketball,2018
#79,Stephon Tuitt,$24.4 M,$24.2 M,$200 K,Football,2018
#80,Sam Bradford,$24.3 M,$24.1 M,$250 K,Football,2018
#81,Zack Greinke,$24.2 M,$24.1 M,$50 K,Baseball,2018
#82,Chandler Parsons,$24.1 M,$23.1 M,$1 M,Basketball,2018
#83,Virat Kohli,$24 M,$4 M,$20 M,Cricket,2018
#84,Marc Gasol,$23.7 M,$22.7 M,$1 M,Basketball,2018
#84,DeAndre Jordan,$23.7 M,$22.7 M,$1 M,Basketball,2018
#86,Steven Adams,$23.5 M,$22.5 M,$1 M,Basketball,2018
#86,Sergio Agüero,$23.5 M,$17 M,$6 M,Soccer,2018
#86,Novak Djokovic,$23.5 M,$1.5 M,$22 M,Tennis,2018
#86,Joe Mauer,$23.5 M,$23 M,$500 K,Baseball,2018
#86,J.J. Redick,$23.5 M,$23 M,$500 K,Basketball,2018
#91,Joey Votto,$23.4 M,$23.1 M,$300 K,Baseball,2018
#92,Jarvis Landry,$23.2 M,$22.5 M,$750 K,Football,2018
#92,Nate Solder,$23.2 M,$23.1 M,$100 K,Football,2018
#92,John Wall,$23.2 M,$18.2 M,$5 M,Basketball,2018
#95,LaMarcus Aldridge,$23.1 M,$21.6 M,$1.5 M,Basketball,2018
#95,Robinson Cano,$23.1 M,$22.1 M,$1 M,Baseball,2018
#95,Brook Lopez,$23.1 M,$22.6 M,$500 K,Basketball,2018
#95,Masahiro Tanaka,$23.1 M,$22.1 M,$1 M,Baseball,2018
#99,Melvin Ingram,$23 M,$22.8 M,$150 K,Football,2018
#100,Nicolas Batum,$22.9 M,$22.4 M,$500 K,Basketball,2018
#1,Cristiano Ronaldo,$93 M,$58 M,$35 M,Soccer,2017
#2,LeBron James,$86.2 M,$31.2 M,$55 M,Basketball,2017
#3,Lionel Messi,$80 M,$53 M,$27 M,Soccer,2017
#4,Roger Federer,$64 M,$6 M,$58 M,Tennis,2017
#5,Kevin Durant,$60.6 M,$26.6 M,$34 M,Basketball,2017
#6,Andrew Luck,$50 M,$47 M,$3 M,Football,2017
#6,Rory McIlroy,$50 M,$16 M,$34 M,Golf,2017
#8,Stephen Curry,$47.3 M,$12.3 M,$35 M,Basketball,2017
#9,James Harden,$46.6 M,$26.6 M,$20 M,Basketball,2017
#10,Lewis Hamilton,$46 M,$38 M,$8 M,Auto Racing,2017
#11,Drew Brees,$45.3 M,$31.3 M,$14 M,Football,2017
#12,Phil Mickelson,$43.5 M,$3.5 M,$40 M,Golf,2017
#13,Russell Westbrook,$38.6 M,$26.6 M,$12 M,Basketball,2017
#14,Sebastian Vettel,$38.5 M,$38 M,$500 K,Auto Racing,2017
#15,Damian Lillard,$38.4 M,$24.4 M,$14 M,Basketball,2017
#16,Novak Djokovic,$37.6 M,$9.6 M,$28 M,Tennis,2017
#17,Tiger Woods,$37.1 M,$107 K,$37 M,Golf,2017
#18,Neymar,$37 M,$15 M,$22 M,Soccer,2017
#19,Dwyane Wade,$36.2 M,$23.2 M,$13 M,Basketball,2017
#20,Fernando Alonso,$36 M,$34 M,$2 M,Auto Racing,2017
#21,Jordan Spieth,$34.5 M,$5.5 M,$29 M,Golf,2017
#22,Derrick Rose,$34.3 M,$21.3 M,$13 M,Basketball,2017
#23,Usain Bolt,$34.2 M,$2.2 M,$32 M,Track,2017
#24,Gareth Bale,$34 M,$23 M,$11 M,Soccer,2017
#24,Conor McGregor,$34 M,$27 M,$7 M,Mixed Martial Arts,2017
#26,Kei Nishikori,$33.9 M,$3.9 M,$30 M,Tennis,2017
#27,Fletcher Cox,$33.4 M,$33.3 M,$75 K,Football,2017
#28,Clayton Kershaw,$33.3 M,$32.5 M,$800 K,Baseball,2017
#29,Carmelo Anthony,$32.6 M,$24.6 M,$8 M,Basketball,2017
#30,Zlatan Ibrahimovic,$32 M,$27 M,$5 M,Soccer,2017
#31,Antonio Brown,$31.9 M,$29.4 M,$2.5 M,Football,2017
#32,Demar DeRozan,$31.6 M,$26.6 M,$5 M,Basketball,2017
#33,Rafael Nadal,$31.5 M,$5.5 M,$26 M,Tennis,2017
#34,Eric Berry,$31.1 M,$30.8 M,$300 K,Football,2017
#35,Chris Paul,$30.9 M,$22.9 M,$8 M,Basketball,2017
#36,David Price,$30.6 M,$30 M,$550 K,Baseball,2017
#37,Miguel Cabrera,$30.3 M,$28.3 M,$2 M,Baseball,2017
#38,Kyrie Irving,$29.9 M,$17.9 M,$12 M,Basketball,2017
#39,Stephon Gilmore,$29.3 M,$29.1 M,$200 K,Football,2017
#40,Andy Murray,$28.8 M,$14.8 M,$14 M,Tennis,2017
#40,Justin Verlander,$28.8 M,$28.2 M,$600 K,Baseball,2017
#42,Mike Conley,$28.6 M,$26.6 M,$2 M,Basketball,2017
#43,Canelo Alvarez,$28.5 M,$27 M,$1.5 M,Boxing,2017
#44,Anthony Davis,$28.1 M,$22.1 M,$6 M,Basketball,2017
#44,Blake Griffin,$28.1 M,$20.1 M,$8 M,Basketball,2017
#44,Al Horford,$28.1 M,$26.6 M,$1.5 M,Basketball,2017
#44,Von Miller,$28.1 M,$25.1 M,$3 M,Football,2017
#48,Dustin Johnson,$27.6 M,$16.6 M,$11 M,Golf,2017
#49,Albert Pujols,$27.3 M,$25.3 M,$2 M,Baseball,2017
#50,Dwight Howard,$27.2 M,$23.2 M,$4 M,Basketball,2017
#51,Ryan Howard,$27 M,$26.7 M,$300 K,Baseball,2017
#51,Serena Williams,$27 M,$8 M,$19 M,Tennis,2017
#53,Robinson Cano,$26.6 M,$24.1 M,$2.5 M,Baseball,2017
#54,Kevin Love,$26.4 M,$21.4 M,$5 M,Basketball,2017
#55,Chris Bosh,$26.3 M,$23.8 M,$2.5 M,Basketball,2017
#56,Cam Newton,$26 M,$13 M,$13 M,Football,2017
#56,Dirk Nowitzki,$26 M,$25 M,$1 M,Basketball,2017
#58,Paul George,$25.8 M,$18.3 M,$7.5 M,Basketball,2017
#58,Felix Hernandez,$25.8 M,$25.3 M,$500 K,Baseball,2017
#60,Jason Pierre-Paul,$25.7 M,$25.5 M,$200 K,Football,2017
#61,CC Sabathia,$25.6 M,$25 M,$600 K,Baseball,2017
#62,David DeCastro,$25.1 M,$25 M,$75 K,Football,2017
#63,Eli Manning,$25 M,$18 M,$7 M,Football,2017
#64,Buster Posey,$24.6 M,$20.6 M,$4 M,Baseball,2017
#65,Prince Fielder,$24.2 M,$24 M,$200 K,Baseball,2017
#66,Josh Hamilton,$24.1 M,$24 M,$100 K,Baseball,2017
#67,Zack Greinke,$24.1 M,$24 M,$50 K,Baseball,2017
#68,Harrison Barnes,$23.9 M,$22.4 M,$1.5 M,Basketball,2017
#69,Joe Mauer,$23.8 M,$23 M,$800 K,Baseball,2017
#70,Wayne Rooney,$23.6 M,$17.6 M,$6 M,Soccer,2017
#71,Bradley Beal,$23.3 M,$22.1 M,$1.2 M,Basketball,2017
#71,Luis Suarez,$23.3 M,$17.3 M,$6 M,Soccer,2017
#73,Matt Kalil,$23.2 M,$23.1 M,$75 K,Football,2017
#74,Andre Drummond,$23.1 M,$22.1 M,$1 M,Basketball,2017
#75,Masahiro Tanaka,$23 M,$22 M,$1 M,Baseball,2017
#76,Chandler Jones,$22.9 M,$22.8 M,$100 K,Football,2017
#76,Chandler Parsons,$22.9 M,$22.1 M,$750 K,Basketball,2017
#78,Cole Hamels,$22.7 M,$22.5 M,$200 K,Baseball,2017
#78,Hassan Whiteside,$22.7 M,$22.2 M,$500 K,Basketball,2017
#80,Sergio Agüero,$22.6 M,$14.6 M,$8 M,Soccer,2017
#81,Muhammad Wilkerson,$22.4 M,$22 M,$400 K,Football,2017
#82,Nick Perry,$22.3 M,$22.2 M,$100 K,Football,2017
#82,Hanley Ramirez,$22.3 M,$22 M,$300 K,Baseball,2017
#82,Justin Upton,$22.3 M,$22.1 M,$200 K,Baseball,2017
#85,Marc Gasol,$22.2 M,$21.2 M,$1 M,Basketball,2017
#85,DeAndre Jordan,$22.2 M,$21.2 M,$1 M,Basketball,2017
#87,LaMarcus Aldridge,$22.1 M,$20.6 M,$1.5 M,Basketball,2017
#87,Jose Reyes,$22.1 M,$22 M,$100 K,Baseball,2017
#89,Anthony Joshua,$22 M,$18.5 M,$3.5 M,Boxing,2017
#89,Virat Kohli,$22 M,$3 M,$19 M,Cricket,2017
#91,James Rodriguez,$21.9 M,$14.9 M,$7 M,Soccer,2017
#91,Klay Thompson,$21.9 M,$16.9 M,$5 M,Basketball,2017
#93,Jimmie Johnson,$21.8 M,$16.8 M,$5 M,Auto Racing,2017
#94,Jacoby Ellsbury,$21.7 M,$21.1 M,$600 K,Baseball,2017
#94,Adrian Gonzalez,$21.7 M,$21.3 M,$400 K,Baseball,2017
#94,Matt Kemp,$21.7 M,$21.5 M,$200 K,Baseball,2017
#94,Brook Lopez,$21.7 M,$21.2 M,$500 K,Basketball,2017
#98,Nicolas Batum,$21.41 M,$20.9 M,$600 K,Basketball,2017
#98,Wladimir Klitschko,$21.5 M,$17.5 M,$4 M,Boxing,2017
#100,Dale Earnhardt Jr.,$21.4 M,$13.4 M,$8 M,Auto Racing,2017
#1,Cristiano Ronaldo,$88 M,$56 M,$32 M,Soccer,2016
#2,Lionel Messi,$81.4 M,$53.4 M,$28 M,Soccer,2016
#3,LeBron James,$77.2 M,$23.2 M,$54 M,Basketball,2016
#4,Roger Federer,$67.8 M,$7.8 M,$60 M,Tennis,2016
#5,Kevin Durant,$56.2 M,$20.2 M,$36 M,Basketball,2016
#6,Novak Djokovic,$55.8 M,$21.8 M,$34 M,Tennis,2016
#7,Cam Newton,$53.1 M,$41.1 M,$12 M,Football,2016
#8,Phil Mickelson,$52.9 M,$2.9 M,$50 M,Golf,2016
#9,Jordan Spieth,$52.8 M,$20.8 M,$32 M,Golf,2016
#10,Kobe Bryant,$50 M,$25 M,$25 M,Basketball,2016
#11,Lewis Hamilton,$46 M,$42 M,$4 M,Racing,2016
#12,Tiger Woods,$45.3 M,$274 K,$45 M,Golf,2016
#13,Eli Manning,$45 M,$37 M,$8 M,Football,2016
#14,Joe Flacco,$44.5 M,$44 M,$500 K,Football,2016
#15,Tom Brady,$44.1 M,$36.1 M,$8 M,Football,2016
#16,Floyd Mayweather,$44 M,$32 M,$12 M,Boxing,2016
#17,Rory McIlroy,$50 M,$16 M,$34 M,Golf,2016
#18,Russell Wilson,$41.8 M,$31.8 M,$10 M,Football,2016
#19,Sebastian Vettel,$38.5 M,$38 M,$500 K,Auto Racing,2016
#20,Philip Rivers,$38 M,$37.5 M,$450 K,Football,2016
#21,Rafael Nadal,$37.5 M,$5.5 M,$32 M,Tennis,2016
#21,Neymar,$37.5 M,$14.5 M,$23 M,Soccer,2016
#23,Zlatan Ibrahimovic,$37.4 M,$30.4 M,$7 M,Soccer,2016
#24,Fernando Alonso,$36.5 M,$35 M,$1.5 M,Racing,2016
#25,Gareth Bale,$35.9 M,$24.9 M,$11 M,Soccer,2016
#26,Marcell Dareus,$35.2 M,$35.1 M,$100 K,Football,2016
#27,Peyton Manning,$34.2 M,$19.2 M,$15 M,Football,2016
#28,Derrick Rose,$34.1 M,$20.1 M,$14 M,Basketball,2016
#29,Kei Nishikori,$33.5 M,$3.5 M,$30 M,Tennis,2016
#30,A.J. Green,$33.3 M,$32.8 M,$500 K,Football,2016
#31,James Harden,$32.8 M,$15.8 M,$17 M,Basketball,2016
#32,Usain Bolt,$32.5 M,$2.5 M,$30 M,Track,2016
#33,Clayton Kershaw,$32 M,$31.2 M,$800 K,Baseball,2016
#33,Dwyane Wade,$32 M,$20 M,$12 M,Basketball,2016
#35,Drew Brees,$31 M,$19 M,$12 M,Football,2016
#36,Carmelo Anthony,$30.9 M,$22.9 M,$8 M,Basketball,2016
#37,Chris Paul,$30 M,$21.5 M,$8.5 M,Basketball,2016
#38,Cliff Lee,$29.3 M,$29.2 M,$100 K,Baseball,2016
#39,Olivier Vernon,$29 M,$28.8 M,$200 K,Football,2016
#40,Serena Williams,$28.9 M,$8.9 M,$20 M,Tennis,2016
#41,Justin Verlander,$28.6 M,$28 M,$600 K,Baseball,2016
#42,Kyrie Irving,$27.6 M,$16.6 M,$11 M,Basketball,2016
#43,Julio Jones,$27.2 M,$26 M,$1.2 M,Football,2016
#44,Luke Kuechly,$27.1 M,$26.1 M,$1 M,Football,2016
#45,Robinson Cano,$27 M,$24 M,$3 M,Baseball,2016
#46,Dwight Howard,$26.9 M,$22.4 M,$4.5 M,Basketball,2016
#47,Miguel Cabrera,$26.6 M,$24.1 M,$2.5 M,Baseball,2016
#48,Albert Pujols,$26.3 M,$24.3 M,$2 M,Baseball,2016
#49,Blake Griffin,$26.1 M,$18.1 M,$8 M,Basketball,2016
#49,Wayne Rooney,$26.1 M,$20.1 M,$6 M,Soccer,2016
#51,Cameron Jordan,$25.9 M,$25.8 M,$100 K,Football,2016
#52,Russell Westbrook,$25.7 M,$16.7 M,$9 M,Basketball,2016
#53,Ryan Howard,$25.6 M,$25 M,$600 K,Baseball,2016
#53,Trent Williams,$25.6 M,$25.5 M,$75 K,Football,2016
#55,Chris Bosh,$25.2 M,$22.2 M,$3 M,Basketball,2016
#56,Felix Hernandez,$24.9 M,$24.4 M,$500 K,Baseball,2016
#57,Zack Greinke,$24.7 M,$24.7 M,$50 K,Baseball,2016
#58,Prince Fielder,$24.2 M,$24 M,$200 K,Baseball,2016
#59,CC Sabathia,$24.4 M,$23.7 M,$700 K,Baseball,2016
#60,Sergio Agüero,$24.3 M,$16.8 M,$7.5 M,Soccer,2016
#60,Sam Bradford,$24.3 M,$24 M,$300 K,Football,2016
#62,Paul George,$24.1 M,$17.1 M,$7 M,Basketball,2016
#63,Manny Pacquiao,$24 M,$21.5 M,$2.5 M,Boxing,2016
#64,Kevin Love,$23.9 M,$19.9 M,$4 M,Basketball,2016
#65,Yoenis Cespedes,$23.8 M,$23.2 M,$600 K,Baseball,2016
#65,Joe Mauer,$23.8 M,$23 M,$800 K,Baseball,2016
#65,David Price,$23.8 M,$23.3 M,$500 K,Baseball,2016
#65,Luis Suarez,$23.8 M,$17.8 M,$6 M,Soccer,2016
#69,Stephen Curry,$23.6 M,$11.6 M,$12 M,Basketball,2016
#69,Jason Day,$23.6 M,$15.1 M,$8.5 M,Golf,2016
#71,Dez Bryant,$23.5 M,$23 M,$500 K,Football,2016
#71,Dale Earnhardt Jr.,$23.5 M,$15 M,$8.5 M,Racing,2016
#73,Demaryius Thomas,$23.4 M,$22.2 M,$1.2 M,Football,2016
#74,Andy Murray,$28.8 M,$14.8 M,$14 M,Tennis,2016
#74,Masahiro Tanaka,$23 M,$22 M,$1 M,Baseball,2016
#74,Mark Teixeira,$23 M,$22.5 M,$500 K,Baseball,2016
#77,Joe Johnson,$22.9 M,$21.9 M,$1 M,Basketball,2016
#78,Cole Hamels,$22.7 M,$22.5 M,$200 K,Baseball,2016
#79,Anthony Castonzo,$22.5 M,$22.5 M,$35 K,Football,2016
#79,Troy Tulowitzki,$22.5 M,$22.2 M,$300 K,Baseball,2016
#81,Bastian Schweinsteiger,$22.4 M,$19.4 M,$3 M,Soccer,2016
#82,Jimmie Johnson,$22.2 M,$16.2 M,$6 M,Racing,2016
#83,Angel Di Maria,$22.1 M,$20.6 M,$1.5 M,Soccer,2016
#83,James Rodriguez,$22.1 M,$15.1 M,$7 M,Soccer,2016
#85,Eden Hazard,$22 M,$17 M,$5 M,Soccer,2016
#85,Conor McGregor,$22 M,$18 M,$4 M,MMA,2016
#85,David Ortiz,$22 M,$16 M,$6 M,Baseball,2016
#88,Maria Sharapova,$21.9 M,$1.9 M,$20 M,Tennis,2016
#89,Jacoby Ellsbury,$21.8 M,$21.2 M,$600 K,Baseball,2016
#89,Justin Houston,$21.8 M,$21.7 M,$100 K,Football,2016
#91,Matt Kemp,$21.7 M,$21.2 M,$500 K,Baseball,2016
#92,Canelo Alvarez,$21.5 M,$20 M,$1.5 M,Boxing,2016
#93,Adrian Gonzalez,$21.4 M,$21 M,$400 K,Baseball,2016
#94,LaMarcus Aldridge,$21.2 M,$19.7 M,$1.5 M,Basketball,2016
#94,Cameron Heyward,$21.2 M,$21 M,$150 K,Football,2016
#94,Jayson Werth,$21.2 M,$21 M,$200 K,Baseball,2016
#97,Alex Rodriguez,$21.1 M,$20.7 M,$400 K,Baseball,2016
#98,Nico Rosberg,$21 M,$20 M,$1 M,Racing,2016
#99,Carl Crawford,$20.9 M,$20.6 M,$300 K,Baseball,2016
#100,Buster Posey,$20.8 M,$17.8 M,$3 M,Baseball,2016
#1,Floyd Mayweather,$300 M,$285 M,$15 M,Boxing,2015
#2,Manny Pacquiao,$160 M,$148 M,$12 M,Boxing,2015
#3,Cristiano Ronaldo,$88 M,$56 M,$32 M,Soccer,2015
#4,Lionel Messi,$81.4 M,$53.4 M,$28 M,Soccer,2015
#5,Roger Federer,$67 M,$9 M,$58 M,Tennis,2015
#6,LeBron James,$64.8 M,$20.8 M,$44 M,Basketball,2015
#7,Kevin Durant,$54.2 M,$19.1 M,$35 M,Basketball,2015
#8,Phil Mickelson,$50.8 M,$2.8 M,$48 M,Golf,2015
#9,Tiger Woods,$50.6 M,$0.6 M,$50 M,Golf,2015
#10,Kobe Bryant,$49.5 M,$23.5 M,$26 M,Basketball,2015
#11,Ben Roethlisberger,$48.9 M,$46.4 M,$2.5 M,Football,2015
#12,Rory McIlroy,$50 M,$16 M,$34 M,Golf,2015
#13,Novak Djokovic,$37.6 M,$9.6 M,$28 M,Tennis,2015
#14,Zlatan Ibrahimovic,$39.1 M,$33.1 M,$6 M,Soccer,2015
#15,Lewis Hamilton,$39 M,$36 M,$3 M,Racing,2015
#16,Ndamukong Suh,$38.6 M,$38.2 M,$400 K,Football,2015
#17,Fernando Alonso,$35.5 M,$34 M,$1.5 M,Racing,2015
#18,Gareth Bale,$35 M,$25.5 M,$9.5 M,Soccer,2015
#19,Jon Lester,$34.1 M,$33.7 M,$400 K,Baseball,2015
#20,Derrick Rose,$33.9 M,$18.9 M,$15 M,Basketball,2015
#21,Sebastian Vettel,$38.5 M,$38 M,$0.5 M,Racing,2015
#22,Rafael Nadal,$32.5 M,$4.5 M,$28 M,Tennis,2015
#23,Mahendra Singh Dhoni,$31 M,$4 M,$27 M,Cricket,2015
#23,Neymar,$31 M,$14 M,$17 M,Soccer,2015
#25,Carmelo Anthony,$30.5 M,$22.5 M,$8 M,Basketball,2015
#26,Maria Sharapova,$21.9 M,$1.9 M,$20 M,Tennis,2015
#27,Carson Palmer,$29 M,$28.5 M,$0.5 M,Football,2015
#27,James Rodriguez,$29 M,$24.5 M,$4.5 M,Soccer,2015
#29,J.J. Watt,$27.9 M,$20.9 M,$7 M,Football,2015
#30,Robinson Cano,$27.6 M,$24.1 M,$3.5 M,Baseball,2015
#31,Dwyane Wade,$27.2 M,$15.2 M,$12 M,Basketball,2015
#32,Peyton Manning,$27 M,$15 M,$12 M,Football,2015
#32,Kimi Raikkonen,$27 M,$25 M,$2 M,Racing,2015
#34,Clayton Kershaw,$26.9 M,$25.7 M,$1.2 M,Baseball,2015
#34,Wayne Rooney,$26.9 M,$19.9 M,$7 M,Soccer,2015
#36,Gerald McCoy,$26.7 M,$26.5 M,$150 K,Football,2015
#37,Chris Paul,$26.1 M,$20.1 M,$6 M,Basketball,2015
#38,Radamel Falcao,$25.9 M,$21.9 M,$4 M,Soccer,2015
#38,Albert Pujols,$25.9 M,$23.4 M,$2.5 M,Baseball,2015
#40,Ryan Howard,$25.6 M,$25 M,$0.6 M,Baseball,2015
#41,Dwight Howard,$25.5 M,$21.5 M,$4 M,Basketball,2015
#42,Cliff Lee,$25.2 M,$25 M,$200 K,Baseball,2015
#43,Miguel Cabrera,$25.1 M,$22.1 M,$3 M,Baseball,2015
#44,Amar'e Stoudemire,$25 M,$22 M,$3 M,Basketball,2015
#45,Sergio Agüero,$24.9 M,$17.9 M,$7 M,Soccer,2015
#46,Blake Griffin,$24.7 M,$17.7 M,$7 M,Basketball,2015
#47,Serena Williams,$28.9 M,$8.9 M,$20 M,Tennis,2015
#48,Prince Fielder,$24.3 M,$24 M,$300 K,Baseball,2015
#49,Joe Johnson,$24.2 M,$23.2 M,$1 M,Basketball,2015
#50,Joe Mauer,$24 M,$23 M,$1 M,Baseball,2015
#51,CC Sabathia,$23.9 M,$23 M,$0.9 M,Baseball,2015
#52,Chris Bosh,$23.8 M,$20.8 M,$3 M,Basketball,2015
#53,Zack Greinke,$23.7 M,$23.7 M,$50 K,Baseball,2015
#53,Eli Manning,$23.7 M,$15.7 M,$8 M,Football,2015
#55,Dale Earnhardt Jr.,$23.6 M,$14.6 M,$9 M,Racing,2015
#56,Justin Verlander,$23.4 M,$22.7 M,$0.8 M,Baseball,2015
#57,Andy Dalton,$23.3 M,$22.3 M,$1 M,Football,2015
#58,Masahiro Tanaka,$23 M,$22 M,$1 M,Baseball,2015
#58,Mark Teixeira,$23 M,$22.5 M,$0.5 M,Baseball,2015
#60,Felix Hernandez,$22.9 M,$22.7 M,$200 K,Baseball,2015
#61,Cole Hamels,$22.7 M,$22.5 M,$200 K,Baseball,2015
#61,Jimmie Johnson,$22.7 M,$16.2 M,$6.5 M,Racing,2015
#63,Wladimir Klitschko,$21.5 M,$17.5 M,$4 M,Boxing,2015
#64,Andy Murray,$28.8 M,$14.8 M,$14 M,Tennis,2015
#65,Matt Kemp,$22.2 M,$21 M,$1.2 M,Baseball,2015
#66,LeSean McCoy,$22.1 M,$21.3 M,$0.9 M,Football,2015
#67,Drew Brees,$22 M,$11 M,$11 M,Football,2015
#67,Tony Romo,$22 M,$17 M,$5 M,Football,2015
#69,Adrian Gonzalez,$21.5 M,$21.1 M,$400 K,Baseball,2015
#70,Jacoby Ellsbury,$21.4 M,$21.1 M,$300 K,Baseball,2015
#70,Tyron Smith,$21.4 M,$21.1 M,$250 K,Football,2015
#72,Deron Williams,$21.3 M,$19.8 M,$1.5 M,Basketball,2015
#73,Usain Bolt,$21 M,$15 K,$21 M,Track,2015
#73,Luis Suarez,$21 M,$16.5 M,$4.5 M,Soccer,2015
#75,Matt Cain,$20.8 M,$20.4 M,$400 K,Baseball,2015
#75,David Wright,$20.8 M,$20 M,$0.8 M,Baseball,2015
#77,Carl Crawford,$20.7 M,$20.4 M,$300 K,Baseball,2015
#78,Jayson Werth,$20.6 M,$20.4 M,$200 K,Baseball,2015
#79,Cesc Fabregas,$20.3 M,$15.3 M,$5 M,Soccer,2015
#79,Hanley Ramirez,$22.3 M,$22 M,$300 K,Baseball,2015
#79,Russell Westbrook,$0 M,-,$0 K,Basketball,2015
#82,Justin Rose,$20.2 M,$8.2 M,$12 M,Golf,2015
#83,Yaya Touré,$20 M,$17 M,$3 M,Soccer,2015
#84,Rudy Gay,$19.9 M,$19.3 M,$0.6 M,Basketball,2015
#85,Jordan Spieth,$19.8 M,$8.8 M,$11 M,Golf,2015
#85,Adam Wainwright,$19.8 M,$19.7 M,$150 K,Baseball,2015
#87,Frank Lampard,$19.7 M,$15.7 M,$4 M,Soccer,2015
#87,Kevin Love,$19.7 M,$15.7 M,$4 M,Basketball,2015
#87,David Ortiz,$19.7 M,$15.7 M,$4 M,Baseball,2015
#90,Eden Hazard,$19.6 M,$16.1 M,$3.5 M,Soccer,2015
#90,Alex Smith,$19.6 M,$19.1 M,$0.5 M,Football,2015
#92,Kei Nishikori,$19.5 M,$4.5 M,$15 M,Tennis,2015
#93,Devin McCourty,$19.3 M,$19.1 M,$250 K,Football,2015
#93,Mesut Ozil,$19.3 M,$12.8 M,$6.5 M,Soccer,2015
#95,Aaron Rodgers,$19.1 M,$11.6 M,$7.5 M,Football,2015
#96,Billy Horschel,$19 M,$16 M,$3 M,Golf,2015
#97,Jeremy Lin,$18.9 M,$14.9 M,$4 M,Basketball,2015
#97,Maurkice Pouncey,$18.9 M,$18.8 M,$100 K,Football,2015
#97,Max Scherzer,$18.9 M,$18.7 M,$150 K,Baseball,2015
#100,James Harden,$18.8 M,$14.8 M,$4 M,Basketball,2015
#1,Floyd Mayweather,$105 M,$105 M,$0 ,Boxing,2014
#2,Cristiano Ronaldo,$80 M,$52 M,$28 M,Soccer,2014
#3,LeBron James,$72.3 M,$19.3 M,$53 M,Basketball,2014
#4,Lionel Messi,$64.7 M,$41.7 M,$23 M,Soccer,2014
#5,Kobe Bryant,$61.5 M,$30.5 M,$31 M,Basketball,2014
#6,Tiger Woods,$61.2 M,$6.2 M,$55 M,Golf,2014
#7,Roger Federer,$56.2 M,$4.2 M,$52 M,Tennis,2014
#8,Phil Mickelson,$53.2 M,$5.2 M,$48 M,Golf,2014
#9,Rafael Nadal,$44.5 M,$14.5 M,$30 M,Tennis,2014
#10,Matt Ryan,$43.8 M,$42 M,$1.8 M,Football,2014
#11,Manny Pacquiao,$41.8 M,$41 M,$0.8 M,Boxing,2014
#12,Zlatan Ibrahimovic,$40.4 M,$36.4 M,$4 M,Soccer,2014
#13,Derrick Rose,$36.6 M,$17.6 M,$19 M,Basketball,2014
#14,Gareth Bale,$36.4 M,$25.4 M,$11 M,Soccer,2014
#15,Radamel Falcao,$35.4 M,$32.4 M,$3 M,Soccer,2014
#21,Fernando Alonso,$31 M,$29 M,$2 M,Racing,2014
#22,Mahendra Singh Dhoni,$30 M,$4 M,$26 M,Cricket,2014
#23,Dwyane Wade,$29.9 M,$18.9 M,$11 M,Basketball,2014
#24,Carmelo Anthony,$29.4 M,$21.4 M,$8 M,Basketball,2014
#25,Wladimir Klitschko,$28 M,$24 M,$4 M,Boxing,2014
#26,Peyton Manning,$27.1 M,$15.1 M,$12 M,Football,2014
#27,Amar'e Stoudemire,$26.7 M,$21.7 M,$5 M,Basketball,2014
#28,Dale Earnhardt Jr.,$25.9 M,$14.9 M,$11 M,Racing,2014
#29,Dwight Howard,$25.5 M,$20.5 M,$5 M,Basketball,2014
#30,Cliff Lee,$25.3 M,$25.1 M,$200 K,Baseball,2014
#41,Li Na,$23.6 M,$5.6 M,$18 M,Tennis,2014
#42,Jimmie Johnson,$23.5 M,$17 M,$6.5 M,Racing,2014
#43,Wayne Rooney,$23.4 M,$18.4 M,$5 M,Soccer,2014
#44,Sergio Aguero,$23.3 M,$18.3 M,$5 M,Soccer,2014
#45,Usain Bolt,$23.2 M,$200 K,$23 M,Track,2014
#51,Matt Kemp,$22.6 M,$21.8 M,$0.8 M,Baseball,2014
#52,Joe Johnson,$22.5 M,$21.5 M,$1 M,Basketball,2014
#53,Geno Atkins,$22.4 M,$22.3 M,$50 K,Football,2014
#53,Ryan Howard,$22.4 M,$21.7 M,$0.7 M,Baseball,2014
#55,Aaron Rodgers,$22 M,$14.5 M,$7.5 M,Football,2014
#55,Serena Williams,$22 M,$11 M,$11 M,Tennis,2014
#57,Chris Bosh,$21.8 M,$19.3 M,$2.5 M,Basketball,2014
#57,Pau Gasol,$21.8 M,$19.3 M,$2.5 M,Basketball,2014
#59,Yaya Touré,$21.7 M,$19.2 M,$2.5 M,Soccer,2014
#60,Robinson Cano,$21.5 M,$18 M,$3.5 M,Baseball,2014
#70,Jason Peters,$20.7 M,$20.7 M,$50 K,Football,2014
#70,Justin Verlander,$20.7 M,$20.2 M,$0.5 M,Baseball,2014
#73,Tim Lincecum,$20.6 M,$20.3 M,$250 K,Baseball,2014
#74,Carl Crawford,$20.5 M,$20.2 M,$300 K,Baseball,2014
#75,Matt Cain,$20.4 M,$20 M,$400 K,Baseball,2014
#81,Robin van Persie,$19.5 M,$16.5 M,$3 M,Soccer,2014
#82,Russell Westbrook,$19.2 M,$14.7 M,$4.5 M,Basketball,2014
#83,Sebastian Vettel,$19 M,$18 M,$1 M,Racing,2014
#84,Carlos Dunlap,$18.8 M,$18.7 M,$50 K,Football,2014
#84,Zach Randolph,$18.8 M,$18.3 M,$0.5 M,Basketball,2014
#86,Steven Gerrard,$18.7 M,$13.2 M,$5.5 M,Soccer,2014
#86,Jeff Gordon,$18.7 M,$13.7 M,$5 M,Racing,2014
#88,Rudy Gay,$18.6 M,$17.9 M,$0.7 M,Basketball,2014
#89,Larry Fitzgerald,$18.5 M,$17 M,$1.5 M,Football,2014
#89,Mesut Ozil,$18.5 M,$12.5 M,$6 M,Soccer,2014
1,Tiger Woods,$78.1 M,$13.1 M,$65 M,Golf,2013
2,Roger Federer,$71.5 M,$6.5 M,$65 M,Tennis,2013
3,Kobe Bryant,$61.9 M,$27.9 M,$34 M,Basketball,2013
4,LeBron James,$59.8 M,$17.8 M,$42 M,Basketball,2013
5,Drew Brees,$51 M,$40 M,$11 M,Football,2013
6,Aaron Rodgers,$49 M,$43 M,$6 M,Football,2013
7,Phil Mickelson,$48.7 M,$4.7 M,$44 M,Golf,2013
8,David Beckham,$47.2 M,$5.2 M,$42 M,Soccer,2013
9,Cristiano Ronaldo,$44 M,$23 M,$21 M,Soccer,2013
10,Lionel Messi,$41.3 M,$20.3 M,$21 M,Soccer,2013
11,Tom Brady,$38.3 M,$31.3 M,$7 M,Football,2013
12,Derrick Rose,$37.4 M,$16.4 M,$21 M,Basketball,2013
13,Joe Flacco,$36.8 M,$35.9 M,$0.9 M,Football,2013
14,Floyd Mayweather,$34 M,$34 M,$0 M,Boxing,2013
14,Manny Pacquiao,$34 M,$26 M,$8 M,Boxing,2013
16,Mahendra Singh Dhoni,$31.5 M,$3.5 M,$28 M,Cricket,2013
17,Kevin Durant,$30.9 M,$16.9 M,$14 M,Basketball,2013
18,Alex Rodriguez,$30.3 M,$29.8 M,$0.5 M,Baseball,2013
19,Fernando Alonso,$30 M,$28 M,$2 M,Racing,2013
19,Peyton Manning,$30 M,$18 M,$12 M,Football,2013
21,Rory McIlroy,$29.6 M,$13.6 M,$16 M,Golf,2013
22,Maria Sharapova,$29 M,$6 M,$23 M,Tennis,2013
23,Dwyane Wade,$28.9 M,$17.4 M,$11.5 M,Basketball,2013
24,Tony Romo,$28.8 M,$25.8 M,$3 M,Football,2013
25,Carmelo Anthony,$28 M,$19.5 M,$8.5 M,Basketball,2013
26,Lewis Hamilton,$27.5 M,$26 M,$1.5 M,Racing,2013
27,Amar'e Stoudemire,$27 M,$20 M,$7 M,Basketball,2013
28,Novak Djokovic,$26.9 M,$12.9 M,$14 M,Tennis,2013
29,Dwight Howard,$26.5 M,$19.5 M,$7 M,Basketball,2013
30,Rafael Nadal,$26.4 M,$5.4 M,$21 M,Tennis,2013
31,Calvin Johnson,$26.3 M,$25.5 M,$0.8 M,Football,2013
32,Dale Earnhardt Jr.,$26 M,$13 M,$13 M,Racing,2013
33,Ray Rice,$25.8 M,$24.2 M,$1.6 M,Football,2013
34,Joe Mauer,$25.5 M,$23 M,$2.5 M,Baseball,2013
34,Johan Santana,$25.5 M,$24.5 M,$1 M,Baseball,2013
36,Derek Jeter,$25.4 M,$16.4 M,$9 M,Baseball,2013
37,Felix Hernandez,$25.3 M,$25.1 M,$0.3 M,Baseball,2013
38,Dwayne Bowe,$24.9 M,$24.5 M,$0.4 M,Football,2013
39,Josh Hamilton,$24.7 M,$24.2 M,$0.5 M,Baseball,2013
40,Usain Bolt,$24.2 M,$0.2 M,$24 M,Track,2013
41,Jimmie Johnson,$24 M,$17.3 M,$6.7 M,Racing,2013
41,Wladimir Klitschko,$24 M,$19 M,$5 M,Boxing,2013
43,Prince Fielder,$23.8 M,$23.3 M,$0.5 M,Baseball,2013
44,CC Sabathia,$23.6 M,$23.1 M,$0.5 M,Baseball,2013
45,Vincent Jackson,$23.4 M,$23.2 M,$0.3 M,Football,2013
46,Miguel Cabrera,$23 M,$21.5 M,$1.5 M,Baseball,2013
47,Cliff Lee,$22.9 M,$22.7 M,$0.2 M,Baseball,2013
47,Mark Teixeira,$22.9 M,$22.6 M,$0.3 M,Baseball,2013
49,Cole Hamels,$22.7 M,$22.5 M,$0.2 M,Baseball,2013
50,Matt Schaub,$22.3 M,$21.9 M,$0.4 M,Football,2013
51,Valentino Rossi,$22 M,$12 M,$10 M,Motorcycle,2013
51,Sachin Tendulkar,$22 M,$4 M,$18 M,Cricket,2013
53,Clay Matthews,$21.8 M,$21.3 M,$0.5 M,Football,2013
53,Chris Paul,$21.8 M,$17.8 M,$4 M,Basketball,2013
55,Zack Grienke,$21.7 M,$21.7 M,$0.1 M,Baseball,2013
56,Gilbert Arenas,$21.6 M,$21.5 M,$0.1 M,Basketball,2013
57,Pau Gasol,$21.5 M,$19 M,$2.5 M,Basketball,2013
58,Dirk Nowitzki,$21.4 M,$20.9 M,$0.5 M,Basketball,2013
59,Adrian Gonzalez,$21.2 M,$21 M,$0.2 M,Baseball,2013
59,Vernon Wells,$21.2 M,$21 M,$0.2 M,Baseball,2013
61,Wayne Rooney,$21.1 M,$18.1 M,$3 M,Soccer,2013
62,Ryan Howard,$21 M,$20 M,$1 M,Baseball,2013
63,Sergio Aguero,$20.9 M,$17.4 M,$3.5 M,Soccer,2013
64,Didier Drogba,$20.8 M,$15.8 M,$5 M,Soccer,2013
64,Joe Johnson,$20.8 M,$19.8 M,$1 M,Basketball,2013
64,Justin Verlander,$20.8 M,$20.3 M,$0.5 M,Baseball,2013
67,Yaya Touré,$20.7 M,$18.2 M,$2.5 M,Soccer,2013
68,Roy Halladay,$20.5 M,$20 M,$0.5 M,Baseball,2013
68,Neymar,$20.5 M,$10.5 M,$10 M,Soccer,2013
68,Serena Williams,$20.5 M,$8.5 M,$12 M,Tennis,2013
71,Tim Lincecum,$20.1 M,$19.7 M,$0.4 M,Baseball,2013
72,Carl Crawford,$20 M,$19.8 M,$0.2 M,Baseball,2013
72,Fernando Torres,$20 M,$17 M,$3 M,Soccer,2013
74,Barry Zito,$19.9 M,$19.7 M,$0.2 M,Baseball,2013
75,Chris Bosh,$19.8 M,$17.8 M,$2 M,Basketball,2013
76,Zlatan Ibrahimovic,$19.7 M,$17.2 M,$2.5 M,Soccer,2013
77,Ichiro Suzuki,$19.6 M,$13.6 M,$6 M,Baseball,2013
78,Ernie Els,$19.5 M,$3.5 M,$16 M,Golf,2013
79,Kaka,$19.3 M,$13.8 M,$5.5 M,Soccer,2013
80,Deron Williams,$19.2 M,$17.2 M,$2 M,Basketball,2013
81,Brandt Snedeker,$19 M,$17 M,$2 M,Golf,2013
82,Paul Pierce,$18.8 M,$16.8 M,$2 M,Basketball,2013
83,Tony Stewart,$18.5 M,$12.5 M,$6 M,Racing,2013
84,Carl Nicks,$18.3 M,$18.3 M,$0 M,Football,2013
85,Jeff Gordon,$18.2 M,$12.7 M,$5.5 M,Racing,2013
85,Li Na,$18.2 M,$3.2 M,$15 M,Tennis,2013
85,Carlos Tevez,$18.2 M,$16.7 M,$1.5 M,Soccer,2013
88,Alfonso Soriano,$18.1 M,$18 M,$0.1 M,Baseball,2013
89,Sebastian Vettel,$18 M,$17 M,$1 M,Racing,2013
90,Matt Cain,$17.4 M,$17.1 M,$0.3 M,Baseball,2013
90,Matt Holliday,$17.4 M,$17.1 M,$0.3 M,Baseball,2013
92,Michael Young,$17.3 M,$17.2 M,$0.1 M,Baseball,2013
93,Rudy Gay,$17.2 M,$16.5 M,$0.8 M,Basketball,2013
93,Steven Gerrard,$17.2 M,$12.7 M,$4.5 M,Soccer,2013
95,Zach Randolph,$17 M,$16.5 M,$0.5 M,Basketball,2013
96,Russell Westbrook,$16.9 M,$13.9 M,$3 M,Basketball,2013
97,Andrew Bynum,$16.7 M,$16.5 M,$0.3 M,Basketball,2013
98,A.J. Burnett,$16.6 M,$16.5 M,$0.1 M,Baseball,2013
98,Brandon Roy,$16.6 M,$16.4 M,$0.3 M,Basketball,2013
100,Samuel Eto'o,$16.4 M,$13.4 M,$3 M,Soccer,2013
1,Floyd Mayweather,$85 M,$85 M,$0 M,Boxing,2012
2,Manny Pacquiao,$62 M,$56 M,$6 M,Boxing,2012
3,Tiger Woods,$59.4 M,$4.4 M,$55 M,Golf,2012
4,LeBron James,$53 M,$13 M,$40 M,Basketball,2012
5,Roger Federer,$52.7 M,$7.7 M,$45 M,Tennis,2012
6,Kobe Bryant,$52.3 M,$20.3 M,$32 M,Basketball,2012
7,Phil Mickelson,$47.8 M,$4.8 M,$43 M,Golf,2012
8,David Beckham,$46 M,$9 M,$37 M,Soccer,2012
9,Cristiano Ronaldo,$42.5 M,$20.5 M,$22 M,Soccer,2012
10,Peyton Manning,$42.4 M,$32.4 M,$10 M,Football,2012
11,Lionel Messi,$39 M,$20 M,$19 M,Soccer,2012
12,Haloti Ngata,$37.3 M,$37.1 M,$0.2 M,Football,2012
13,Larry Fitzgerald,$36.8 M,$35.3 M,$1.5 M,Football,2012
14,Ndamukong Suh,$36 M,$35.5 M,$0.5 M,Football,2012
15,Charles Johnson,$34.4 M,$34.3 M,$0.1 M,Football,2012
16,Rafael Nadal,$33.2 M,$8.2 M,$25 M,Tennis,2012
16,Mario Williams,$33.2 M,$32.9 M,$0.3 M,Football,2012
18,Alex Rodriguez,$33 M,$31 M,$2 M,Baseball,2012
19,Fernando Alonso,$32 M,$29 M,$3 M,Racing,2012
20,Valentino Rossi,$30 M,$17 M,$13 M,Motorcycle,2012
20,Michael Schumacher,$30 M,$20 M,$10 M,Racing,2012
22,Darrelle Revis,$28.3 M,$27 M,$1.3 M,Football,2012
23,Dale Earnhardt Jr.,$28.2 M,$13.2 M,$15 M,Racing,2012
24,Lewis Hamilton,$28 M,$25 M,$3 M,Racing,2012
24,Wladimir Klitschko,$28 M,$24 M,$4 M,Boxing,2012
26,Maria Sharapova,$27.9 M,$5.9 M,$22 M,Tennis,2012
27,Sam Bradford,$27.8 M,$26.8 M,$1 M,Football,2012
28,Tom Brady,$27.1 M,$23.1 M,$4 M,Football,2012
29,Joe Mauer,$27 M,$23 M,$4 M,Baseball,2012
30,Eli Manning,$26.6 M,$18.6 M,$8 M,Football,2012
31,Mahendra Singh Dhoni,$26.5 M,$3.5 M,$23 M,Cricket,2012
31,LaMarr Woodley,$26.5 M,$26.3 M,$0.2 M,Football,2012
33,Dwight Howard,$25.6 M,$14.6 M,$11 M,Basketball,2012
34,Kevin Durant,$25.5 M,$12.5 M,$13 M,Basketball,2012
35,Dwyane Wade,$24.7 M,$12.7 M,$12 M,Basketball,2012
36,Derek Jeter,$24.5 M,$15.5 M,$9 M,Baseball,2012
37,Wayne Rooney,$24.3 M,$17.8 M,$6.5 M,Soccer,2012
38,Mark Sanchez,$24.2 M,$23.2 M,$1 M,Football,2012
39,Ichiro Suzuki,$24 M,$17 M,$7 M,Baseball,2012
40,CC Sabathia,$23.8 M,$23 M,$0.8 M,Baseball,2012
40,Johan Santana,$23.8 M,$23.3 M,$0.5 M,Baseball,2012
42,Jeff Gordon,$23.6 M,$13.6 M,$10 M,Racing,2012
43,Ben Roethlisberger,$23.3 M,$22.3 M,$1 M,Football,2012
44,Carmelo Anthony,$22.9 M,$14.9 M,$8 M,Basketball,2012
45,Mark Teixeira,$22.8 M,$22.5 M,$0.3 M,Baseball,2012
46,Amar'e Stoudemire,$22.7 M,$14.7 M,$8 M,Basketball,2012
47,Tony Stewart,$22.3 M,$15.3 M,$7 M,Racing,2012
48,Luke Donald,$22.2 M,$13.2 M,$9 M,Golf,2012
49,Vernon Wells,$22.1 M,$22 M,$0.1 M,Baseball,2012
50,Michael Vick,$22 M,$20 M,$2 M,Football,2012
51,Logan Mankins,$21.9 M,$21.8 M,$0.1 M,Football,2012
51,Richard Seymour,$21.9 M,$21.6 M,$0.3 M,Football,2012
53,Ryan Howard,$21.5 M,$20 M,$1.5 M,Baseball,2012
53,Jimmie Johnson,$21.5 M,$14.5 M,$7 M,Racing,2012
53,Adrian Peterson,$21.5 M,$20.5 M,$1 M,Football,2012
56,Jon Beason,$21.4 M,$21.3 M,$0.1 M,Football,2012
57,Kevin Garnett,$21.1 M,$17.1 M,$4 M,Basketball,2012
58,Matthew Stafford,$20.9 M,$19.9 M,$1 M,Football,2012
59,Miguel Cabrera,$20.8 M,$20.6 M,$0.2 M,Baseball,2012
59,Kaka,$20.8 M,$14.3 M,$6.5 M,Soccer,2012
61,Novak Djokovic,$20.6 M,$11.6 M,$9 M,Tennis,2012
61,Roy Halladay,$20.6 M,$20.1 M,$0.5 M,Baseball,2012
63,Usain Bolt,$20.3 M,$0.3 M,$20 M,Track,2012
63,D'Brickashaw Ferguson,$20.3 M,$20.1 M,$0.2 M,Football,2012
65,Sergio Aguero,$20.1 M,$16.6 M,$3.5 M,Soccer,2012
66,DeAngelo Williams,$19.9 M,$19.8 M,$0.2 M,Football,2012
67,Joe Thomas,$19.8 M,$19.3 M,$0.5 M,Football,2012
68,Eric Berry,$19.6 M,$19.3 M,$0.3 M,Football,2012
68,Prince Fielder,$19.6 M,$19.3 M,$0.3 M,Baseball,2012
68,Fernando Torres,$19.6 M,$16.6 M,$3 M,Soccer,2012
71,Ryan Kalil,$19.4 M,$19.3 M,$0.1 M,Football,2012
72,Chris Paul,$19.2 M,$13.2 M,$6 M,Basketball,2012
73,Tim Duncan,$19.1 M,$17.1 M,$2 M,Basketball,2012
73,Yaya Touré,$19.1 M,$16.6 M,$2.5 M,Soccer,2012
75,Miguel Cotto,$19 M,$19 M,$0 M,Boxing,2012
76,Barry Zito,$18.9 M,$18.8 M,$0.2 M,Baseball,2012
77,Robert Mathis,$18.7 M,$18.6 M,$0.2 M,Football,2012
78,Carlos Lee,$18.6 M,$18.5 M,$0.1 M,Baseball,2012
78,Sachin Tendulkar,$18.6 M,$2.1 M,$16.5 M,Cricket,2012
78,Lawrence Timmons,$18.6 M,$18.4 M,$0.2 M,Football,2012
81,Li Na,$18.4 M,$1.4 M,$17 M,Tennis,2012
82,Torii Hunter,$18.3 M,$18 M,$0.3 M,Baseball,2012
82,Alfonso Soriano,$18.3 M,$18 M,$0.3 M,Baseball,2012
84,Deron Williams,$18.2 M,$16.2 M,$2 M,Basketball,2012
85,Johnathan Joseph,$18.1 M,$18 M,$0.1 M,Football,2012
86,Darnell Dockett,$18 M,$17.9 M,$0.1 M,Football,2012
87,Matt Holliday,$17.6 M,$17.3 M,$0.3 M,Baseball,2012
88,Rashard Lewis,$17.5 M,$17 M,$0.5 M,Basketball,2012
88,John Terry,$17.5 M,$12.5 M,$5 M,Soccer,2012
88,Justin Verlander,$17.5 M,$17 M,$0.5 M,Baseball,2012
91,Ernie Els,$17.4 M,$1.4 M,$16 M,Golf,2012
91,Rory McIlroy,$17.4 M,$10.4 M,$7 M,Golf,2012
91,Albert Pujols,$17.4 M,$14.4 M,$3 M,Baseball,2012
91,Carlos Zambrano,$17.4 M,$17.3 M,$0.1 M,Baseball,2012
95,Pau Gasol,$17.2 M,$14.7 M,$2.5 M,Basketball,2012
96,Russell Okung,$17.1 M,$16.8 M,$0.3 M,Football,2012
97,Steven Gerrard,$17 M,$12.5 M,$4.5 M,Soccer,2012
98,Carl Crawford,$16.9 M,$16.8 M,$0.2 M,Baseball,2012
99,Rolando McClain,$16.7 M,$16.5 M,$0.2 M,Football,2012
100,Jake Peavy,$16.6 M,$16.5 M,$0.1 M,Baseball,2012
