编号,书名,出版社,现价,原价,评论数,推荐指数
1,活着(2017年新版),作家出版社,28,28,2278231条评论,100%推荐
2,我喜欢生命本来的样子(周国平经典散文作品集),作家出版社,42.3,45,542695条评论,99.8%推荐
3,神奇校车桥梁书版(全20册),贵州人民出版社,75,150,733502条评论,99.9%推荐
4,我的第一本地理启蒙书,新世界出版社,24.9,49.8,576621条评论,99.9%推荐
5,人间失格(日本小说家太宰治的自传体小说),作家出版社,18.8,25,1290021条评论,100%推荐
6,小熊和最好的爸爸(全7册),贵州人民出版社,17.5,35,834813条评论,99.6%推荐
7,雪落香杉树(福克纳奖得主，全球畅销500万册),作家出版社,51,52,279842条评论,99.9%推荐
8,少年读史记(套装全5册),青岛出版社,50,100,548030条评论,99.9%推荐
9,神奇校车图画书版(全12册，新增《科学博览会》1册),贵州人民出版社,99,198,1085923条评论,100%推荐
10,你坏(大冰作品。一年销量突破280万册。用《你坏》向你说声：你好！),湖南文艺出版社,37.6,39.6,501301条评论,100%推荐
11,东野圭吾：解忧杂货店(胡歌、王俊凯、刘昊然倾情推荐，东野圭吾长篇小说代表作，这家店帮你找回内心流失的东西),南海出版公司,39.5,39.5,2132927条评论,99.9%推荐
12,浮生六记(汪涵、胡歌推荐，畅销300万册。沈复给芸娘的绝美情书)【果麦经典】,天津人民出版社,32,32,1023485条评论,99.9%推荐
13,正面管教(修订版),北京联合出版公司,38,38,848478条评论,100%推荐
14,写给儿童的中国历史(全14册),新世界出版社,177.5,355,626995条评论,99.9%推荐
15,月亮与六便士(新版未删节！2018当当名著桂冠！2017豆瓣阅读桂冠！上海国际学校指定必读译本！)作家榜经典文库,浙江文艺出版社,35.8,39.8,685928条评论,100%推荐
16,摆渡人(系列畅销千万册。如果命运是一条孤独的河流，谁会是你灵魂的摆渡人《摆渡人》完结篇即将上市！),百花洲文艺出版社,32.6,36,1223224条评论,99.9%推荐
17,马尔克斯：百年孤独(50周年纪念版),南海出版公司,55,55,1340465条评论,100%推荐
18,追风筝的人(2018年新版),上海人民出版社,34.2,36,2444573条评论,100%推荐
19,所谓情商高，就是会说话,北京联合出版公司,28.3,32,675013条评论,99.9%推荐
20,生活需要仪式感(把温暖和感动带给你在乎的人),山东文艺出版社,9.9,36,471418条评论,99.9%推荐
21,东野圭吾：白夜行(2017版，易烊千玺、韩雪推荐，东野圭吾无冕之王),南海出版公司,59.6,59.6,1339213条评论,100%推荐
22,小王子(畅销300万册，作者基金会官方认证简体中文版)【果麦经典】,天津人民出版社,17.6,32,1012968条评论,99.9%推荐
23,三体：全三册 刘慈欣代表作，亚洲首部“雨果奖”获奖作品！,重庆出版社,93,93,821231条评论,99.8%推荐
24,围城,人民文学出版社,27.3,39,758211条评论,100%推荐
25,万历十五年 一本好书 腾讯视频栏目推荐,生活.读书.新知三联书店,24.7,26,563718条评论,99.8%推荐
26,岛上书店(每个人的生命中，都有无比艰难的那一年，将人生变得美好而辽阔。加泽文感动全球千万读者的治愈小说！),江苏文艺出版社,31.5,35,1137254条评论,99.9%推荐
27,自在独行 贾平凹的独行世界(畅销300万册的国民精神读本，中国作家协会推荐精读),长江文艺出版社,34.5,39,689591条评论,99.9%推荐
28,魔法拼音国(套装 共7册),浙江少年儿童出版社,49,98,215651条评论,99.9%推荐
29,云边有个小卖部,湖南文艺出版社,39.8,42,383829条评论,100%推荐
30,平凡的世界：全三册(朱一龙推荐，八年级下册自主阅读推荐),北京十月文艺出版社,108,108,1013927条评论,100%推荐
31,人性的弱点(薛之谦推荐，畅销100万册)【果麦经典】,天津人民出版社,27,32,496101条评论,99.9%推荐
32,我不(大冰作品。十个月狂销200万册，不容错过的奇书！),湖南文艺出版社,37,39,716355条评论,99.9%推荐
33,月亮和六便士(全新导读无删节详注版！ 半年创当当110000名读者五星好评奇迹)看“一本好书”，在当当享阅读之趣,时代文艺出版社,19.5,27,383471条评论,100%推荐
34,半小时漫画中国史(修订版)(看半小时漫画，通五千年历史！《半小时漫画中国史》系列开篇之作)团购电话4001066666转6,江苏文艺出版社,37.9,39.9,528265条评论,100%推荐
35,夏洛的网(新),上海译文出版社,19.5,26,614529条评论,99.9%推荐
36,摆渡人2：重返荒原(系列畅销千万册。每一个镌刻着爱与善意的灵魂，都会成为我们生命中的摆渡人！《摆渡人》完结篇即将上市！),百花洲文艺出版社,38.8,42.8,373878条评论,99.9%推荐
37,东野圭吾：恶意(2016版，东野圭吾四大杰作之一),南海出版公司,39.5,39.5,493281条评论,100%推荐
38,霍乱时期的爱情(2015版)  一本好书 腾讯视频栏目推荐,南海出版公司,49.5,49.5,478135条评论,100%推荐
39,红星照耀中国(青少版)人民文学出版社,人民文学出版社,26.4,33,274470条评论,100%推荐
40,皮囊(畅销300万册的国民读本，刘德华、李敬泽作序。繁体版面世即进入台湾诚品、博客来畅销榜单),天津人民出版社,39.8,39.8,759022条评论,99.9%推荐
41,诺奖少年版(全30册)当当年度畅销书，日销ZUI高达50000册，系列销量突破4000000册，31万五星好评。含新课标书目,辽宁少年儿童出版社,205.9,528,333854条评论,100%推荐
42,断舍离,广西科学技术出版社,12.4,32,476727条评论,99.9%推荐
43,我们仨,生活.读书.新知三联书店,11.5,23,957204条评论,99.8%推荐
44,好看的皮囊千篇一律，有趣的灵魂万里挑一(老杨的猫头鹰最新作品“醒脑之书”系列之三),现代出版社,15.5,39.8,282512条评论,100%推荐
45,如何说孩子才会听 怎么听孩子才肯说(全新修订版),中央编译出版社,31.1,36.8,596639条评论,100%推荐
46,一只特立独行的猪,北京十月文艺出版社,35,35,264793条评论,100%推荐
47,百年童话绘本典藏版(全套30册)当当2018年度常青藤畅销书奖，台湾企鹅金牌畅销书，历时5年匠心绘制，上千张手绘插画美翻了！,北京联合出版公司,133.2,444,206037条评论,100%推荐
48,我们仨(新版),生活.读书.新知三联书店,28,28,1237581条评论,100%推荐
49,在教室说错了没关系,青岛出版社,18,36,252974条评论,99.9%推荐
50,这就是二十四节气(中国二十四节气彩绘版，文津图书奖获奖绘本，共4册),海豚出版社,50,100,598565条评论,99.9%推荐
51,你的善良必须有点锋芒,古吴轩出版社,9.9,32.8,434456条评论,99.9%推荐
52,许三观卖血记(新版),作家出版社,32,32,265860条评论,100%推荐
53,半小时漫画世界史(看半小时漫画，通五千年历史！其实是一本严谨的极简世界史！),江苏凤凰文艺出版社,37.9,39.9,191425条评论,100%推荐
54,天才在左 疯子在右(2018全新完整版),北京联合出版有限公司,49.8,49.8,1190592条评论,100%推荐
55,阿米巴经营――畅销十周年纪念版，当当全国独家(团购，请致电400-106-6666转6),中国大百科全书出版社,27.3,35,191581条评论,99.9%推荐
56,东野圭吾：嫌疑人X的献身(王凯、张鲁一推荐，至为纯粹的爱情，绝好的诡计),南海出版公司,35,35,694702条评论,100%推荐
57,曹文轩文集典藏版(全7册),天天出版社有限责任公司,100.8,168,278307条评论,99.9%推荐
58,时间简史(插图本)(央视《朗读者》推荐),湖南科技出版社,32.4,45,480751条评论,100%推荐
59,我爸爸+我妈妈(全2册),,44.4,71.6,434322条评论,99.9%推荐
60,写给儿童的中国地理(全14册),新世界出版社,196,392,232507条评论,99.9%推荐
61,那不勒斯的萤火(被誉为欧美文坛近十年来的“灯塔”巨作，跟《追风筝的人》《阿甘正传》一样震撼灵魂、给人力量。),百花洲文艺出版社,32,42,187915条评论,99.9%推荐
62,外婆的道歉信(马思纯领读书目，人民日报、央视推荐。年度口碑爆棚的温情小说，上市6个月销量突破50万。随书附赠一封神秘道歉信),天津人民出版社,42,42,330391条评论,99.9%推荐
63,不一样的卡梅拉手绘本(1-12册),２１世纪出版社,60,120,622453条评论,99.9%推荐
64,谈判：如何在博弈中获得更多(第四版)Everything is Negotiable,民主与建设出版社,36.9,45,95393条评论,99.9%推荐
65,独一无二的你+勇敢做自己,北京科学技术出版社,38.6,58,188787条评论,99.9%推荐
66,去旅行系列(全2册)法国教育部推荐！深度知识体系的人文地理百科书,广西科学技术出版社,108,216,114995条评论,100%推荐
67,斯凯瑞金色童书第一辑(全4册),贵州人民出版社,41.6,83.2,427438条评论,99.4%推荐
68,人间词话(近代极富盛名的词话著作，集编、校、释、评于一体，赏读于一书)(1-9年级必读书单),北京联合出版公司,22.4,29.8,408031条评论,99.9%推荐
69,追风筝的人(1-9年级必读书单)此版本已售罄，请购买新版,上海人民出版社,27.5,29,1919630条评论,99.8%推荐
70,原则 principles 雷达里奥著 跨年演讲推荐图书 团购电话:4001066666转6,中信出版社,58.8,98,190015条评论,99.9%推荐
71,见识城邦人类简史：从动物到上帝(新版)  一本好书 腾讯视频栏目推荐,中信出版社,42.8,68,494494条评论,100%推荐
72,瓦尔登湖(珍藏本) 朗读者朗读书目,中国三峡出版社,10.9,28,483911条评论,99.7%推荐
73,半小时漫画中国史2(看半小时漫画，通五千年历史！《半小时漫画中国史》系列第2部),海南出版社,37.9,39.9,528255条评论,100%推荐
74,三毛全集02：撒哈拉的故事(1-9年级必读书单),北京十月文艺出版社,35,35,234604条评论,100%推荐
75,目送：龙应台“人生三书”之三(彩插新版),广西师范大学出版社,25.5,43,561417条评论,100%推荐
76,上下五千年(最新版),少年儿童出版社,44,88,247165条评论,99.8%推荐
77,无声告白(我们终此一生，就是要摆脱他人的期待，找到真正的自己。就是她！征服欧美文坛的华裔作家伍绮诗！),江苏文艺出版社,31.5,35,400571条评论,99.9%推荐
78,窗边的小豆豆(2018版),南海出版公司,29.6,39.5,1040540条评论,100%推荐
79,活着(精装版，余华代表作，易烊千玺推荐阅读版本),北京十月文艺出版社,24.7,35,226331条评论,100%推荐
80,神奇校车手工益智版(全8册),贵州人民出版社,60,120,149174条评论,100%推荐
81,小猪唏哩呼噜(注音版上、下),春风文艺出版社,15,30,359158条评论,99.9%推荐
82,银火箭少年科幻系列(8册。亚洲首位“雨果奖”得主刘慈欣主编，根据《流浪地球》改编的电影大年初一上映。套装内图书获银河奖特等奖等多项国际大奖，全球销量超500万册),浙江教育出版社,115.2,256,253958条评论,100%推荐
83,非暴力沟通,华夏出版社,26,33,205956条评论,99.9%推荐
84,培生幼儿英语：预备级(升级版),湖北少儿出版社,65,118,334285条评论,100%推荐
85,郑渊洁四大名传(全4册),浙江少年儿童出版社,59,100,165139条评论,99.9%推荐
87,生命 : 万物不可思议的连接方式(让孩子们秒懂世界起源的万物简史),江苏凤凰美术出版社,44,88,96933条评论,99.9%推荐
88,第七天(余华作品，比《活着》更绝望，比《兄弟》更荒诞)此版售罄不再加印,新星出版社,26.55,29.5,282838条评论,99.6%推荐
89,偷影子的人,湖南文艺出版社,26.4,29.8,1028856条评论,99.7%推荐
90,信谊世界精选图画书猜猜我有多爱你,明天出版社,33.7,38.8,547646条评论,100%推荐
91,苏东坡传(林语堂精装2018版)(1-9年级必读书单),湖南文艺出版社,35.8,52,358009条评论,100%推荐
92,数学帮帮忙(全25册+导读手册)多功能数学绘本,新蕾出版社,112.5,225,198877条评论,99.8%推荐
93,乌合之众 : 大众心理研究,民主与建设出版社,19.5,26,204383条评论,99.9%推荐
94,我不敢说，我怕被骂,北京联合出版公司,17.4,34.8,251118条评论,100%推荐
95,是谁嗯嗯在我的头上,河北教育出版社,17.9,35.8,216579条评论,100%推荐
96,养育男孩(典藏版),中信出版社,30.4,32,248235条评论,100%推荐
97,米小圈脑筋急转弯(套装共4册),四川少儿出版社,32,64,290791条评论,100%推荐
98,自控力(畅销300万册纪念版！斯坦福大学广受欢迎的心理学课程！从自知到自控，拿回人生主导权！),文化发展出版社,31.1,45,499767条评论,100%推荐
99,男孩的冒险书(少儿绘图版，全三册),广西科学技术出版社,99,198,132241条评论,99.9%推荐
100,九型人格 : 职场高品质沟通的艺术,北京联合出版公司,18,39.8,95838条评论,99.9%推荐
101,法布尔昆虫记(全10册)(儿童彩图版),北京科学技术出版社,132,198,277354条评论,99.6%推荐
102,亲密关系：通往灵魂的桥梁(2015全新修订版),湖南文艺出版社,33.2,35,198782条评论,100%推荐
103,牧羊少年奇幻之旅(央视《朗读者》、湖南卫视《天天向上》、黄轩、TFBOYS、高圆圆推荐，能改变一个人一生的书),北京十月文艺出版社,26.3,35,427859条评论,100%推荐
104,花婆婆,河北教育出版社,20.3,32.8,241729条评论,100%推荐
105,小学生必背古诗词75+80首 近17万多读者好评，不同印次随机发货。,华语教学出版社,22.4,28,179998条评论,100%推荐
106,所有失去的都会以另一种方式归来 耿帅抖音同款(随书附赠限量珍藏版明信片×精致书签),九州出版社,23.8,39.8,304827条评论,99.9%推荐
107,苏菲的世界(新版),作家出版社,38,38,146089条评论,100%推荐
108,少年读西游记(套装全3册),青岛出版社,44.7,89.4,72261条评论,100%推荐
109,美国经典专注力培养大书(全8册),湖南少年儿童出版社,80,160,243977条评论,99.7%推荐
110,放学后(东野圭吾成名作),南海出版公司,45,45,157648条评论,100%推荐
111,阿凡提经典故事系列丛书(全4册),新疆青少年出版社,39.6,66,187679条评论,99.9%推荐
112,草房子(当当网定制版),天天出版社有限责任公司,15,25,221736条评论,100%推荐
113,学会爱自己(教孩子免受性侵犯！学会保护自己！)(全3辑，共14册)(儿童自我保护意识培养绘本，含不要随便摸我、不要随便亲我等),青岛出版社,96,192,236809条评论,99.9%推荐
114,情商是什么(杨澜、吴晓波联袂推荐。所谓情商高，绝不仅仅是会说话。百万畅销李筱懿全新力作。她用好听的故事深入浅出剖析情商硬知识),浙江文艺出版社,39,39,120528条评论,99.9%推荐
115,好妈妈胜过好老师(700万册纪念版),作家出版社,49,49,301531条评论,100%推荐
116,金字塔原理(老版售罄，请购买新版),南海出版公司,48,49,276439条评论,99.9%推荐
117,DK幼儿百科全书――那些重要的事,中国大百科全书出版社,69,138,195464条评论,100%推荐
118,我在未来等你：刘同2017年新书,北京联合出版有限公司,23.9,42,218923条评论,100%推荐
119,郑渊洁四大名传：皮皮鲁传,浙江少年儿童出版社,14.8,25,191251条评论,100%推荐
120,秘密(东野圭吾创作生涯里程碑),南海出版公司,45,45,333747条评论,100%推荐
121,让孩子爱上科学的趣味实验大百科,浙江少年儿童出版社,49,98,119063条评论,99.9%推荐
122,宫西达也恐龙套装(你看起来好像很好吃+我是霸王龙等全7册),２１世纪出版社,81.9,126,242389条评论,100%推荐
123,多莱尔的希腊神话书(畅销千万册，纽约公共图书馆“百年百佳书”),江苏教育出版社,44,88,111107条评论,99.9%推荐
124,0-4岁幼儿认知小百科(全3册),长江少年儿童出版社,66.8,119.4,287414条评论,99.9%推荐
125,格局 ： 思维决定出路，格局决定结局,江苏文艺出版社,34.2,36,150575条评论,99.9%推荐
126,且以优雅过一生：杨绛传(杨绛传记的标杆之作),湖南文艺出版社,32,32,165245条评论,99.9%推荐
127,神奇校车阅读版(全16册),贵州人民出版社,64,128,266414条评论,99.6%推荐
128,穆斯林的葬礼(2015版),北京十月文艺出版社,49.8,49.8,228395条评论,99.9%推荐
129,米小圈漫画成语(套装共4册),四川少儿出版社,37,74,256738条评论,100%推荐
130,俗世奇人(全二册)(第七届鲁迅文学奖获奖作品),作家出版社,40,40,171844条评论,99.9%推荐
131,红楼梦原著版(上、下册)(全两册)(1-9年级必读书单),人民文学出版社,38.81,59.7,306335条评论,99.7%推荐
132,陈果：好的孤独(好的孤独，是一种自我对话；学会如何与自己相处),江苏凤凰文艺出版社,30.6,36,389883条评论,100%推荐
133,富爸爸穷爸爸(20周年修订版)(团购，请致电400-106-6666转6),四川人民出版社,45.5,48,368478条评论,100%推荐
134,房思琪的初恋乐园,北京联合出版有限公司,42.7,45,159197条评论,99.9%推荐
135,大英儿童百科全书(全16卷),湖南少儿出版社,224,448,171527条评论,99.8%推荐
136,德国精选科学图画书(肚子里有个火车站+牙齿大街的新鲜事，套装2册，扫二维码听春天姐姐讲故事),北京科学技术出版社,46.6,70,297185条评论,100%推荐
137,陪孩子走过关键六年--科学早教成就满分父母,化学工业出版社,39.8,39.8,6417条评论,100%推荐
138,学会管自己(歪歪兔独立成长童话),海豚出版社,64,128,330397条评论,99.9%推荐
139,中国国家博物馆儿童历史百科绘本(5册),人民邮电出版社,120,240,74483条评论,99.9%推荐
140,我们的身体,未来出版社,73.7,155,191022条评论,99.9%推荐
141,罗生门(芥川龙之介小说集)《人间失格》作者太宰治是芥川的头号书迷。,时代文艺出版社,22.4,31,207807条评论,100%推荐
142,红岩(七年级下册必读),中国青年出版社,22.7,36,335070条评论,100%推荐
143,海底两万里(新课标部编本教材推荐阅读  七年级下),浙江工商大学出版社,16.3,25,140463条评论,100%推荐
144,不用说，孩子就会听――歪歪兔逆反期教育系列图画书(全8册),海豚出版社,37.5,75,178572条评论,99.8%推荐
145,呼兰河传(《呼兰河传》和《生死场》的合编本),北京联合出版公司,20.8,28.8,187453条评论,99.9%推荐
146,不可思议的旅程(凯迪克大奖绘本三部曲),新星出版社,76,118.8,216058条评论,100%推荐
147,看见,广西师范大学出版社,23.4,39.8,754244条评论,100%推荐
148,总要习惯一个人(蕊希作品。写给每一个爱过哭过失去过但依然在用力成长的你！),湖南文艺出版社,49.8,49.8,110905条评论,99.9%推荐
149,环球旅行,未来出版社,44.9,89.8,133102条评论,99.9%推荐
150,余秋雨 文化苦旅(1-9年级必读书单),长江文艺出版社,27.4,38,364210条评论,99.8%推荐
151,半小时漫画中国史1+中国史2+中国史3+世界史(套装共4册，作者签章版),江苏文艺出版社,151.6,159.6,1008222条评论,100%推荐
152,学会管自己幼儿版-歪歪兔自控力教育系列绘本,海豚出版社,44,88,90650条评论,99.9%推荐
153,我喜欢自己,河北教育出版社,13.9,27.8,179811条评论,100%推荐
154,人生(影响千万青年的励志名篇-- 马云、贾樟柯倾情推荐！),北京十月文艺出版社,25,25,298276条评论,100%推荐
155,给孩子读诗(畅销100万册纪念，全新升级AR版，扫码免费收听。闫妮赵子琪等明星推荐！愿孩子人之最初，聆听到世界上最优美的语言),浙江文艺出版社,19.9,68,331410条评论,99.9%推荐
156,四五快读 全彩图升级版――幼儿快速识字阅读法(全8册)(让孩子爱上阅读 快乐识字)[精选套装],湖南科技出版社,143.8,211.4,212331条评论,99.9%推荐
157,古汉语常用字字典(第5版),商务印书馆,33.92,39.9,183548条评论,99.9%推荐
158,西游记原著版(上、下册)七年级上册必读(1-9年级必读书单),人民文学出版社,30.68,47.2,152263条评论,99.9%推荐
159,狼图腾(修订版)(一部描绘、研究蒙古草原狼的“旷世奇书”)(1-9年级必读书单),长江文艺出版社,39.8,39.8,296493条评论,99.8%推荐
160,你是人间四月天(民国女神林徽因诗歌、散文、小说代表作完整收录。),北京联合出版公司,20.2,28,315646条评论,99.8%推荐
161,希利尔讲世界史、世界地理、艺术史 套装,贵州教育出版社,68.2,136.4,182969条评论,99.8%推荐
162,东野圭吾：假面山庄(东野圭吾烧脑长篇),北京十月文艺出版社,45,45,95118条评论,99.9%推荐
163,曹文轩纯美小说：青铜葵花,江苏少年儿童出版社,11,22,226231条评论,100%推荐
164,小猪佩奇(全10册),安徽少年儿童出版社,60,120,285692条评论,99.9%推荐
165,傅雷家书,译林出版社,32.7,35,132634条评论,99.9%推荐
166,可爱的身体(全8册),南海出版公司,70.8,118,236472条评论,100%推荐
167,大卫不可以+大卫上学去+大卫惹麻烦(大卫系列全3册),河北教育出版社,62.9,101.4,200974条评论,100%推荐
168,如何阅读一本书,商务印书馆,29.9,46,271780条评论,100%推荐
169,习近平的七年知青岁月              100册以上团购请联系电话400-106-6666转6,中共中央党校出版社,49.6,76,98527条评论,100%推荐
170,笠翁对韵 中华经典儿童启蒙  注音+注释+典故 每日诵读十分钟 打好国学基本功,中国文史出版社,14.9,18,236392条评论,99.9%推荐
171,小鸡球球触感玩具书：全5册,长江少年儿童出版社,140,250,147064条评论,99.9%推荐
172,老人与海(新版！未删节插图珍藏版，《暗算》作者、茅奖得主麦家推荐版本！入选上海国际学校指定必读译本！)作家榜经典文库,浙江文艺出版社,35.8,39.8,136162条评论,99.9%推荐
173,未来简史+人类简史(新版套装2册)   一本好书 腾讯视频栏目推荐,中信出版社,85.9,136,174814条评论,99.9%推荐
174,余生很长，何必慌张(情感王子林熙新书),江苏凤凰文艺出版社,27.4,39.8,84203条评论,99.9%推荐
175,东野圭吾：时生(东野圭吾暖心力作),南海出版公司,39.5,39.5,243166条评论,100%推荐
176,曹文轩纯美小说系列：草房子,江苏凤凰少年儿童出版社,11,22,277434条评论,100%推荐
177,学会提问(原书第10版)(批判性思维领域的“圣经”，看见柴静诸多提问背后的真谛),机械工业出版社,23.4,35,203894条评论,100%推荐
178,笑场(2017精装版),湖南文艺出版社,34.2,36,101574条评论,99.9%推荐
179,浮生六记(全新修订版，情感治愈书！汪涵妻子杨乐乐同款！新增《浮生六记》原文，一字未删，完整典藏)作家榜经典文库,浙江文艺出版社,40.5,45,119439条评论,99.9%推荐
180,就喜欢你看不惯我又干不掉我的样子3 白茶的书,中国友谊出版公司,30.3,55,98900条评论,99.9%推荐
181,陪孩子读古诗词(精装，4册套装，含配乐朗诵),中国少年儿童出版社,89.6,199.2,56496条评论,99.9%推荐
182,美国儿科学会育儿百科(第6版，2018全新增订),北京科学技术出版社,62.3,89,251659条评论,100%推荐
183,人间失格(太宰治绝望的告白，独家收录太宰治绝笔之作《Goodbye》),武汉出版社,9.4,25,217922条评论,99.7%推荐
184,地图 人文版(升级版)手绘世界地图 儿童百科绘本,贵州人民出版社,84,168,678651条评论,100%推荐
185,我的大画本(全3册),陕西人民教育出版社,43.2,86.4,80125条评论,100%推荐
186,遇见未知的自己(全新修订版),湖南文艺出版社,36.1,38,217883条评论,99.9%推荐
187,写给儿童的世界历史(全16册),贵州教育出版社,206.4,412.8,132053条评论,99.9%推荐
188,全球通史:从史前史到21世纪(第7版修订版上下册，当当独家赠送全球通史主题笔记本),北京大学出版社,59.6,96,286574条评论,100%推荐
189,养育女孩,中信出版社,30.4,32,154966条评论,100%推荐
190,钝感力(渡边淳一经典：具备不为小事动摇的钝感力，才能成为真正的赢家)(团购，请致电400-106-6666转6),青岛出版社,30.4,32,127961条评论,100%推荐
191,汤姆索亚历险记(新课标全译本，万条读者五星好评，北大著名翻译家张友松翻译),浙江工商大学出版社,13.5,24,97181条评论,100%推荐
192,东野圭吾新作：白金数据(凶手，竟然是我自己！),北京联合出版有限公司,23.1,42,80900条评论,99.9%推荐
193,大国崛起,人民出版社,49.6,56,152835条评论,99.6%推荐
194,这样跟孩子定规矩，孩子最不会抵触,北京联合出版公司,23.7,24.9,226388条评论,99.8%推荐
195,老人与海(人可以被毁灭，却不可以被战胜。后附《太阳照常升起》),作家出版社,21,28,164729条评论,100%推荐
196,从小爱科学有趣的物理(全16册),湖南少年儿童出版社,64,128,118165条评论,99.9%推荐
197,你好！数学套装珍藏版(套装30本),湖北少儿出版社,120,240,94289条评论,99.7%推荐
198,墨菲定律,古吴轩出版社,25.6,32.8,240136条评论,99.9%推荐
199,张爱玲全集01：倾城之恋(2012年全新修订版，收录《金锁记》《第一炉香》《第二炉香》《倾城之恋》等张爱玲中篇经典。),北京十月文艺出版社,29.8,29.8,279538条评论,100%推荐
200,观山海  “百鬼画师”杉泽绝美诠释山海经,湖南文艺出版社,159.2,168,112374条评论,99.9%推荐
201,城南旧事(新课标，“华语文坛祖母”林海音怀念童年的自传体短篇小说集，入选人教版教科书、“20世纪中文小说100强”),安徽教育出版社,10.4,20,153740条评论,99.9%推荐
202,小鸡球球成长绘本系列：全6册,长江少年儿童出版社,79.9,142.8,315562条评论,100%推荐
203,宇宙超度指南,四川文艺出版社,36,36,74016条评论,99.9%推荐
204,论语译注(简体字本)  2017修订新版,中华书局,16.9,26,202909条评论,100%推荐
205,活法,东方出版社,24.1,27,196808条评论,99.7%推荐
206,后来时间都与你有关(韩寒 何炅 谢娜 吴昕 戚薇 阚清子等明星推荐),天津人民出版社,39.8,39.8,216819条评论,99.9%推荐
207,傲慢与偏见(孙致礼先生的译本，幽默&唯美，豆瓣评分9.1分),西安交通大学出版社,24.8,33,104281条评论,100%推荐
208,小威向前冲,贵州人民出版社,18,36,238281条评论,100%推荐
209,郑渊洁十年未出版的经典童话,天津人民出版社,30,60,95475条评论,100%推荐
210,鬼谷子―中华经典藏书(平装),吉林美术出版社,25.2,35,185918条评论,99.9%推荐
211,把生活过成你想要的样子,北京联合出版公司,16.3,42,126774条评论,99.9%推荐
212,神奇校车动画版(全10册),贵州人民出版社,59,118,377352条评论,100%推荐
213,写给儿童的成语故事(全10册),贵州教育出版社,180,360,97565条评论,99.9%推荐
214,罗尔德达尔作品典藏 查理和巧克力工厂,明天出版社,11,22,216120条评论,100%推荐
215,一本书读完最美古诗词(上下册),中国华侨出版社,42.1,49.8,163427条评论,100%推荐
216,古文观止(上下),浙江教育出版社,39,52,153138条评论,99.9%推荐
217,河边的错误(《活着》余华畅销30年ZUI佳中篇小说集),时代文艺出版社,37.2,42,26440条评论,99.9%推荐
218,高兴死了!!!(我正在人生低谷，我现在高兴死了！),江苏凤凰文艺出版社,56.9,59.9,74464条评论,99.9%推荐
219,译文经典精装系列月亮和六便士(看“一本好书”，在当当享阅读之趣),上海译文出版社,34.2,36,216319条评论,99.9%推荐
220,乖，摸摸头(大冰作品！畅销350万册),湖南文艺出版社,34.2,36,384413条评论,100%推荐
221,把坏脾气收起来,北京科学技术出版社,24,36,114545条评论,99.9%推荐
222,蔡康永的说话之道套装(全二册),湖南文艺出版社,61.6,65,307265条评论,99.8%推荐
223,白鹿原,作家出版社,36.8,38,94421条评论,99.9%推荐
224,请不要生气日本精选儿童成长绘本系列,北京科学技术出版社,18.6,28,124386条评论,99.9%推荐
225,习近平谈治国理政 第二卷 中文版平装本(100册以上团购请联系团购电话4001066666转6),外文出版社,64,80,51778条评论,100%推荐
226,张爱玲全集02：红玫瑰与白玫瑰(2012年全新修订版),北京十月文艺出版社,28,28,197068条评论,99.9%推荐
227,傅雷家书  译林版(新课标本),译林出版社,25.3,29.8,64784条评论,100%推荐
228,动物小说大王沈石溪感悟生命书系(套装共5册),人民邮电出版社,59,118,102163条评论,99.9%推荐
229,笑猫日记--又见小可怜,明天出版社,10,20,78941条评论,100%推荐
230,影响力(经典版)(新版)(团购，请致电400-106-6666转6),北京联合出版公司,33,54.9,154185条评论,99.9%推荐
231,半小时漫画中国史3(看半小时漫画，通五千年历史！《半小时漫画中国史》系列第3部),海南出版社,37.9,39.9,805860条评论,100%推荐
232,PET  P.E.T.父母效能训练:让亲子沟通如此高效而简单,中国发展出版社,24.1,35,139161条评论,100%推荐
233,董卿：做一个有才情的女子,百花洲文艺出版社,35.4,39.8,176063条评论,99.9%推荐
234,一个人的朝圣(新版),北京联合出版有限公司,21.9,39.8,286880条评论,100%推荐
235,好妈妈胜过好老师2：自由的孩子最自觉,文汇出版社,44.8,49.8,225448条评论,100%推荐
236,林汉达中国历史故事集(珍藏版),中国少年儿童出版社,29.5,59,253903条评论,100%推荐
237,走遍中国 图说天下 国家地理,北京联合出版公司,15.5,19.9,150781条评论,99.8%推荐
238,从你的全世界路过,湖南文艺出版社,18,36,1020356条评论,100%推荐
239,大卫，不可以,河北教育出版社,21,33.8,233142条评论,99.9%推荐
240,不可不知的科学,长江少年儿童出版社,24,48,100787条评论,100%推荐
241,有故事的汉字 第1辑(当当独家订制版，全3册),青岛出版社,30,60,128498条评论,99.9%推荐
242,钢铁是怎样炼成的(新课标部编本教材推荐阅读  八年级下),浙江工商大学出版社,17.9,26,82032条评论,100%推荐
243,我不喜欢这世界，我只喜欢你,湖南少年儿童出版社,21.3,29.8,289885条评论,99.8%推荐
244,刺杀骑士团长：村上春树暌违7年新长篇，林少华激赏翻译，书名又译骑士团长杀人事件,上海译文出版社,92.9,98,73165条评论,99.9%推荐
245,无人生还：阿加莎 克里斯蒂作品集10(销售记录超过一亿册的侦探小说 被改编为二十部影视剧 同名话剧七十年常演不衰),新星出版社,26.6,28,184554条评论,100%推荐
246,卓有成效的管理者(珍藏版)(老版即将售罄，请购买新版),机械工业出版社,24,30,222484条评论,100%推荐
247,诗经(韩寒推荐，全三册注音插图版),三秦出版社,121.4,138,97976条评论,99.9%推荐
248,一个陌生女人的来信(茨威格中短篇小说选，豆瓣9.4高评分译作，德文直译无删节),时代文艺出版社,16.5,22,124132条评论,100%推荐
249,假如给我三天光明(新课标，名家翻译，非改写&非编译本，海伦凯勒在逆境中创造奇迹的伟大自传，被时代周刊评为20世纪美国十大英雄偶像之一),安徽教育出版社,10.1,18,153677条评论,99.9%推荐
250,宝宝学说话系列 第1辑  语言启蒙(全5册),中国人口出版社,19.7,45,265117条评论,99.7%推荐
251,活了100万次的猫(珍藏版),接力出版社,23.4,36,276295条评论,100%推荐
252,明朝那些事儿全集 增补版(新版全套9册),北京联合出版有限公司,178.2,297,216115条评论,100%推荐
253,沉默的大多数(手稿珍藏版),北京十月文艺出版社,35,35,115332条评论,100%推荐
254,朝花夕拾(新课标部编本教材推荐阅读  七年级上),安徽教育出版社,12.4,18,161239条评论,99.9%推荐
255,0-3岁行为习惯教养绘本(全6册),长江少年儿童出版社,65.8,100.8,107295条评论,100%推荐
256,小学思维训练：思维导图,北京师范大学出版社,25,26,116094条评论,99.9%推荐
257,爱你就像爱生命(精装彩插典藏版),湖南文艺出版社,37.8,39.8,105284条评论,100%推荐
258,哈利波特(全集1-7册)全新版套装中文版,人民文学出版社,241,345,165329条评论,99.8%推荐
259,孩子你慢慢来：龙应台,广西师范大学出版社,19.3,29.8,276116条评论,100%推荐
260,国际大奖科普绘本(平装6册) 获美国妈妈最佳选择奖金奖、美国月光童书奖金奖等20余项国际大奖，数十种国际权威机构赞誉推荐,辽宁少年儿童出版社,60.6,129,51839条评论,99.9%推荐
261,挪威的森林(2018年新版，村上春树的残酷青春物语，现象级的超级畅销书，三十周年纪念版),上海译文出版社,36.1,38,236971条评论,100%推荐
262,尤尔小屋的猫,百花洲文艺出版社,34.7,39.8,58230条评论,99.9%推荐
263,人性的弱点,北京联合出版公司,22.4,29.8,145639条评论,99.8%推荐
264,天长地久：给美君的信(龙应台暌违十年重磅新作),湖南文艺出版社,55,58,100622条评论,100%推荐
265,刻意练习：如何从新手到大师 团购电话:4001066666转6,机械工业出版社,23.4,39,138652条评论,99.9%推荐
266,绿山墙的安妮(新课标，哈利波特系列译者马爱农译),浙江工商大学出版社,18.2,28,64707条评论,99.9%推荐
267,在深渊里仰望星空：魏晋名士的卑微与骄傲,湖南人民出版社,34.3,48,64947条评论,99.9%推荐
268,白岩松：白说,长江文艺出版社,25.8,39.8,364891条评论,99.8%推荐
269,银河帝国：基地(科幻必读经典，阿西莫夫封神之作，讲述人类未来两万年的历史。人教版七年级下册教材阅读书目。),江苏文艺出版社,31.5,35,161184条评论,100%推荐
270,林格伦儿童文学作品集典藏版――长袜子皮皮,中国少年儿童出版社,12.6,28,150124条评论,99.9%推荐
271,雪国,南海出版公司,32,32,269988条评论,99.8%推荐
272,兄弟(新版),作家出版社,49,49,94002条评论,100%推荐
273,我们内心的冲突(苏芩、张德芬曾深受此书影响),长江文艺出版社,34.5,39,127757条评论,99.9%推荐
274,乌合之众：群体时代的大众心理(精装插图版),北京联合出版公司,28.1,39.8,97380条评论,99.9%推荐
275,唐诗三百首 小学生 成长必读 绘本 注音版,北方妇女儿童出版社,27.6,40,135927条评论,99.9%推荐
276,父与子全集(全彩版),浙江工商大学出版社,26,36,70848条评论,99.9%推荐
277,圣女的救济(东野圭吾经典长篇小说),南海出版公司,45,45,153220条评论,100%推荐
278,永远讲不完的故事(新译本),２１世纪出版社,21.4,45,159327条评论,99.9%推荐
279,走进奇妙的几何世界(全6册),浙江教育出版社,56.9,89,97152条评论,99.9%推荐
280,瓦尔登湖(瓦尔登湖畔，不只是身体的栖息之所，更是精神的沉思之地)(1-9年级必读书单),作家出版社,18.8,25,158028条评论,99.8%推荐
281,美的历程(李泽厚代表名作),生活.读书.新知三联书店,53.1,56,161538条评论,100%推荐
282,简爱(浙大翻译家宋兆霖翻译，未删减全本。)九年级下册必读书目,作家出版社,22.4,29.8,148658条评论,100%推荐
283,世说新语(精)上下册--中华经典名著全本全注全译丛书(第三辑),中华书局,39.6,66,101961条评论,99.9%推荐
284,中国诗词大会 第二季上下册(全两册),北京联合出版有限公司,66,69.6,86003条评论,100%推荐
285,DK儿童百科全书系列超值礼品套装(精装全5册)(2018年全新修订版),中国大百科全书出版社,330,660,79905条评论,99.8%推荐
286,成语大词典(彩色本)最新修订版 60000多名读者热评！团购电话4001066666转6,商务印书馆国际有限公司,89.9,99.8,150101条评论,99.9%推荐
287,天蓝色的彼岸,新世界出版社,11.8,19.8,178050条评论,99.6%推荐
288,俗世奇人(修订版)(第七届鲁迅文学奖获奖作品),作家出版社,18,18,178414条评论,99.7%推荐
289,统编版快乐读书吧(六年级上)指定阅读 爱的教育(新课标，夏D尊先生流芳90年经典译本，享誉世界的儿童文学读物),安徽教育出版社,13,20,132537条评论,99.9%推荐
290,朗读者(青少版) 人民文学出版社,人民文学出版社,31.8,39,92254条评论,100%推荐
291,儒林外史(56回全本，内容考证、文字句读全新修订版。),花山文艺出版社,9.9,25,161673条评论,99.9%推荐
292,孙子兵法三十六计(新课标，完整原文+详细注释+准确翻译+历史故事，一本少年儿童非常容易读懂的兵书),浙江工商大学出版社,14,25,100893条评论,100%推荐
293,枪炮、病菌与钢铁――人类社会的命运(修订版),上海译文出版社,55,55,118230条评论,99.9%推荐
294,一九八四(又译作“1984”),时代文艺出版社,23.1,32,88135条评论,100%推荐
295,飞花令里读诗词 第一辑 春夏秋冬 套装共4册,时代文艺出版社,75.4,99,96387条评论,99.9%推荐
296,人性的弱点大全集(人性的弱点+人性的优点)(薛之谦推荐。20世纪最伟大的心灵导师和成功学大师戴尔卡耐基),天津人民出版社,52.8,60,594042条评论,100%推荐
297,阶梯数学4岁(共5册),北京科学技术出版社,36.4,70,110834条评论,99.5%推荐
298,薛兆丰经济学讲义,中信出版社,40.8,68,140622条评论,100%推荐
299,张德芬：我们终将遇见爱与孤独,北京联合出版有限公司,49.8,49.8,63340条评论,100%推荐
300,阿弥陀佛么么哒(大冰作品！畅销300万册),湖南文艺出版社,36.1,38,360631条评论,99.9%推荐
301,城南旧事：一部触动千万读者灵魂的童年离骚,江苏人民出版社,21.4,28,102097条评论,100%推荐
302,捕捉儿童敏感期(珍藏版)：了解孩子内心的早教经典，解除育儿焦虑的灵丹妙药。著名蒙氏教育专家孙瑞雪告诉你：真正的教育，真正的爱,中国妇女出版社,24.7,38,199411条评论,99.9%推荐
303,新版林格伦作品选集美绘版 长袜子皮皮,中国少年儿童出版社,11.5,23,420275条评论,100%推荐
304,诗经(上下册精装)(中华经典名著全本全注全译),中华书局,37.2,62,150470条评论,99.9%推荐
305,幻夜(《白夜行》姊妹篇，东野圭吾“绝望之书”第二弹),南海出版公司,29.6,39.5,177369条评论,99.9%推荐
306,好好说话：新鲜有趣的话术精进技巧(团购，请致电400-106-6666转6),中信出版社,28.5,49,215864条评论,99.9%推荐
307,郑渊洁十二生肖童话(全12册)(内含《父与子》这篇文章，央视“朗读者”第2期郑渊洁与父亲郑洪升深情共读),浙江少年儿童出版社,84,168,179665条评论,99.9%推荐
308,女孩们(在这个世界上 只是身为女孩 就会妨碍你相信自己),北京联合出版有限公司,19.4,49.8,40424条评论,99.9%推荐
309,心理学与生活(第16版，中文版),人民邮电出版社,58,88,221718条评论,99.6%推荐
310,S.忒修斯之船(简体中文典藏复刻版),中信出版社,164.6,168,119719条评论,99.9%推荐
311,字的童话(全7册),贵州人民出版社,49,98,95748条评论,99.7%推荐
312,父与子全集(郑渊洁推荐版《父与子》，亲子同读必备经典！幸福的人一生都被童年治愈！)作家榜经典文库,浙江文艺出版社,35.9,39.9,95238条评论,100%推荐
313,巨人的陨落(通宵小说大师肯福莱特世纪三部曲，全球读者平均三个通宵读完，和主人公一起横穿一战！全景展现20世纪人类史！),江苏文艺出版社,110.3,129.8,231729条评论,99.9%推荐
314,我这么自律，就是为了不平庸至死(500册亲笔签名本随机发),北京联合出版有限公司,28.2,38,70430条评论,99.9%推荐
315,我的专注力训练游戏(全3册),化学工业出版社,29.7,59.4,107023条评论,100%推荐
316,不吼不叫：如何平静地让孩子与父母合作,上海社会科学院出版社,27.7,32.8,127089条评论,100%推荐
317,好吗好的(大冰作品！畅销250万册),湖南文艺出版社,37,39,318700条评论,99.8%推荐
318,这是什么呀3～6岁万物启蒙书(天气系列套装，共6册；美国经典绘本大百科，美国国宝级童书！美国权威教育机构31次颁奖致敬！),文汇出版社,74.9,149.9,44599条评论,100%推荐
319,一辈子很长，要和有趣的人在一起,江苏文艺出版社,35.2,39.8,101827条评论,100%推荐
320,做一个刚刚好的女子：不攀附，不将就,青岛出版社,30.5,35,282532条评论,99.9%推荐
321,龙应台“人生三书”全3册套装,广西师范大学出版社,65.3,108.8,154182条评论,99.9%推荐
322,要是你给老鼠吃饼干系列(全9册),接力出版社,109.4,162,57556条评论,99.9%推荐
323,听你的(张皓宸全新力作， 20封信待你来拆，从“我”出发，挖掘每个“你”心底最真实的情感。销量突破30万册。),天津人民出版社,49.8,49.8,63745条评论,100%推荐
324,愿你，归来仍是少年(林清玄启悟人生系列),长江文艺出版社,32.8,32.8,102957条评论,100%推荐
325,黎明之街(东野圭吾极具突破性的经典长篇小说),南海出版公司,49.5,49.5,70695条评论,100%推荐
326,终身成长：重新定义成功的思维模式,江西人民出版社,47.2,49.8,87464条评论,100%推荐
327,汪汪队立大功儿童安全救援故事书 全10册(中国儿童必备安全救援故事书！),天地出版社,64,128,113866条评论,99.9%推荐
328,东野圭吾：悲剧人偶,北京十月文艺出版社,49.5,49.5,77488条评论,100%推荐
329,见识 吴军 首部认知升级类著作,中信出版社,31.6,49,72596条评论,100%推荐
330,理想国,中国华侨出版社,31.2,35,149359条评论,99.8%推荐
331,从小爱数学(全20册),湖南少年儿童出版社,80,160,52121条评论,99.9%推荐
332,孤独是生命的礼物,长江文艺出版社,31.9,36,171199条评论,99.9%推荐
333,世说新语(修订版) 无障碍阅读 学生版,北京教育出版社,23.8,26.8,90244条评论,100%推荐
334,小威向前冲,贵州人民出版社,13.4,26.8,177522条评论,99.8%推荐
335,数学原来可以这样学(畅销日本300万册，小学生家长必备。让孩子爱上数学的神奇魔法书！随书赠送数学练习簿),湖南人民出版社,32.8,32.8,114203条评论,100%推荐
336,鲁滨孙漂流记(新课标，鲁滨逊漂流记，据英文原版全译本),浙江工商大学出版社,18.2,28,61796条评论,100%推荐
337,失乐园,青岛出版社,44.1,45,71469条评论,99.9%推荐
338,新参者(2016版),南海出版公司,39.5,39.5,129020条评论,100%推荐
339,骆驼祥子(新课标部编本教材推荐阅读  七年级下),浙江工商大学出版社,14.3,22,94629条评论,100%推荐
340,现当代长篇小说经典系列：边城,长江文艺出版社,19,19,86616条评论,99.9%推荐
341,夏日终曲(第90届奥斯卡获奖电影《请以你的名字呼唤我》原著小说，获最佳改编剧本奖),外语教学与研究出版社,22,39.9,71174条评论,100%推荐
342,懂你(复旦名师陈果作品！),山东画报出版社,21.4,24,192054条评论,100%推荐
343,爱打嗝的斑马(精装),北京联合出版公司,15.9,31.8,102455条评论,100%推荐
344,将来的你，一定会感谢现在拼命的自己,天津人民出版社,24.9,32,373761条评论,99.8%推荐
345,邦臣小红花0-3岁专注力训练贴纸书 全6册,中国人口出版社,31.8,70.8,103239条评论,100%推荐
346,托马斯和朋友宝宝睡前故事(30册),人民邮电出版社,49,98,73440条评论,99.9%推荐
347,干法(团购，请致电400-106-6666转6),机械工业出版社,23.4,39,96163条评论,99.9%推荐
348,芳华(严歌苓2017作品),人民文学出版社,24.2,39,128143条评论,99.9%推荐
349,刘墉给孩子的成长书,接力出版社,106.97,158.4,139319条评论,99.8%推荐
350,信谊世界精选图画书爷爷一定有办法,明天出版社,33.63,38.8,315804条评论,100%推荐
351,淘气包马小跳漫画升级版(第一辑套装全十册),安徽少年儿童出版社,90,180,118095条评论,99.9%推荐
352,沉默的大多数：王小波作品(插图珍藏本),湖南文艺出版社,24.7,38,97605条评论,100%推荐
353,阿Q正传(“精神胜利法”的悲喜剧，另收录《狂人日记》等鲁迅名篇。),北京联合出版公司,15,20,137827条评论,99.9%推荐
354,红星照耀中国(团购更优惠 电话：4001066666转6)八年级上册必读,人民文学出版社,38.1,43,107725条评论,100%推荐
355,挪威的森林(村上春树影响几代读者的畅销青春名作，特有的感伤和孤独),上海译文出版社,19.9,33,127380条评论,100%推荐
356,和孩子一起成长，是最好的教养(“养育男孩”公号作者鱼爸亲身育儿经验),天津人民出版社,35.4,39.8,51954条评论,100%推荐
357,Python编程 从入门到实践,人民邮电出版社,62,89,87244条评论,99.9%推荐
358,熊猫先生礼仪课堂(全4册),中信出版社,44,88,32287条评论,99.9%推荐
359,信谊世界精选图画书蚯蚓的日记,明天出版社,29.44,36.8,220511条评论,100%推荐
360,沉默的大多数(又名《一只特立独行的猪》),北京联合出版公司,24,32,86477条评论,100%推荐
361,激荡十年，水大鱼大 吴晓波,中信出版社,43.5,58,59832条评论,100%推荐
362,《太空》手绘百科绘本,贵州人民出版社,34,68,83356条评论,99.9%推荐
363,蝴蝶豌豆花(平装),河北教育出版社,12.3,19.8,162037条评论,99.8%推荐
364,中国通史(易中天推崇的史学大师吕思勉的国史入门书，华人世界公认的权威国史巨著),民主与建设出版社,29.9,39.8,106640条评论,99.9%推荐
365,浮生六记(珍藏本),中国三峡出版社,10.1,26,202951条评论,99.8%推荐
366,舒克贝塔传(全10册),浙江少年儿童出版社,100,200,50557条评论,100%推荐
367,郑渊洁四大名传：鲁西西传,浙江少年儿童出版社,14.8,25,115665条评论,100%推荐
368,未来简史       一本好书 腾讯视频栏目推荐,中信出版社,43.8,68,183912条评论,99.9%推荐
369,小王子三部曲(一直以来，我们只读了《小王子》的三分之一！纪念小王子诞生75周年完整珍藏版！)(读客经典文库),文汇出版社,94.9,99.9,62942条评论,99.9%推荐
370,故宫日历2019年,故宫出版社,54.7,76,52373条评论,100%推荐
371,笑猫日记(套装共二十册),明天出版社,150,300,149502条评论,99.9%推荐
372,没头脑和不高兴 任溶溶注音系列(全3册),浙江少年儿童出版社,30.6,34,134119条评论,99.9%推荐
373,挪威的森林(精装，村上春树影响几代读者的畅销青春名作，特有的感伤和孤独),上海译文出版社,45.5,48,165578条评论,99.9%推荐
374,杀死一只知更鸟(纪念版，此版售罄不再加印),译林出版社,19.9,32,184846条评论,99.9%推荐
375,你就是孩子最好的玩具,南方出版社,26.5,29.8,121876条评论,99.7%推荐
376,今日简史：人类命运大议题(《人类简史》《未来简史》作者2018年重磅新作！),中信出版社,48,68,754407条评论,100%推荐
377,罗尔德达尔作品典藏(13本套装),明天出版社,100,200,120766条评论,99.9%推荐
378,希腊神话故事(新课标，奥林匹斯诸神与英雄们的神话传奇，了解西方文化的基础课，北大西语系翻译家高中甫译),浙江工商大学出版社,9.9,24,57119条评论,99.9%推荐
379,梦的解析(软精装珍藏本),国际文化出版公司,30.4,36,264022条评论,100%推荐
380,星星离我们有多远(卞毓麟 教育部新编初中语文教材指定阅读图书)八年级上册自主阅读推荐书 团购电话4001066666转6,长江文艺出版社,19.5,26,72487条评论,100%推荐
381,别做那只迷途的候鸟   刘同新书  2018,北京联合出版有限公司,45,45,47860条评论,100%推荐
382,《教父》三部曲典藏版套装(电影《教父》原著小说，男人的圣经，智慧的总和，一切问题的答案。),江苏文艺出版社,126.9,141,142704条评论,99.7%推荐
383,穷查理宝典：查理芒格智慧箴言录(增订本),中信出版社,100.8,168,110683条评论,100%推荐
384,佐贺的超级阿嬷,南海出版公司,20.6,29.8,167334条评论,100%推荐
385,《地下水下》手绘百科绘本,贵州人民出版社,49,98,113949条评论,99.9%推荐
386,《0～3岁孩子的正面管教》,北京联合出版公司,21,42,122359条评论,99.9%推荐
387,月亮的味道(精装),二十一世纪出版社,17.5,35,183558条评论,100%推荐
388,上帝掷骰子吗量子物理史话(科学性和故事性的完美结合，具有超级影响力的科普佳作！),北京联合出版公司,16.5,36.8,164983条评论,100%推荐
389,DK万物运转的秘密(斩获文津奖、安万特图书奖，从生活细微处着手，将复杂的物理问题简单化，机械世界百科全书),电子工业出版社,64,128,122515条评论,99.9%推荐
390,毛毛(米切尔恩德作品典藏),２１世纪出版社,15,30,129230条评论,99.9%推荐
391,小不点的触摸书(全4册),未来出版社,76.8,128,68056条评论,99.8%推荐
392,孩子：挑战,生活.读书.新知三联书店,42.7,48,122511条评论,99.9%推荐
393,山海经(白话全译彩图版珍藏版),现代出版社,68,68,181969条评论,99.8%推荐
394,《3～6岁孩子的正面管教》,北京联合出版公司,21,42,124815条评论,99.9%推荐
395,深度工作:如何有效使用每一点脑力  共读书目,江西人民出版社,42.7,45,77443条评论,99.9%推荐
396,我们仨(当当网独家布面精装珍藏版),生活.读书.新知三联书店,43,43,50486条评论,99.9%推荐
397,汉声数学图画书(全41册+妈妈手册),贵州人民出版社,540,1080,75122条评论,99.9%推荐
398,我和小姐姐克拉拉(共3册)1.2.3 经典完全本,二十一世纪出版社,24,48,125747条评论,100%推荐
399,厚黑学(李宗吾著),群言出版社,19.3,29.8,160046条评论,99.7%推荐
400,三毛流浪记(彩图注音读物),少年儿童出版社,19,38,369816条评论,100%推荐
401,一粒种子的旅行,南海出版公司,24.2,35,180581条评论,100%推荐
402,皮皮鲁和鲁西西魔方系列(共8册),浙江少年儿童出版社,114,152,66065条评论,99.9%推荐
403,愿所有相遇，都恰逢其时,浙江文艺出版社,34.7,39.8,97057条评论,99.9%推荐
404,365个艺术创意(全3册),光明日报出版社,118.2,236.4,57705条评论,99.9%推荐
405,犟龟,二十一世纪出版社,18,36,151956条评论,100%推荐
406,人类的群星闪耀时：十四篇历史特写(增订版)七年级下册推荐课外阅读书,生活.读书.新知三联书店,28,28,135070条评论,100%推荐
407,好想去这样那样的国家(全6册),贵州人民出版社,63,126,33809条评论,100%推荐
408,高效能人士的七个习惯(30周年纪念版)：打造一套全新的思维方式和原则体系,中国青年出版社,59.3,79,246208条评论,100%推荐
409,水浒传(上下册)(全两册)――中国古典文学读本丛书(九年级上册必读),人民文学出版社,32.89,50.6,103234条评论,99.9%推荐
410,了不起的盖茨比(我抹掉过去，只为了让爱重来！2018全新译本，诗意还原经典神韵),时代文艺出版社,19.5,26,66423条评论,100%推荐
411,史记(新课标),浙江教育出版社,14.3,22,89505条评论,99.9%推荐
412,猜猜我是谁系列套装(全4册),北京联合出版公司,50,100,212743条评论,100%推荐
413,崔玉涛：宝贝健康公开课,,48,48,159651条评论,99.9%推荐
414,走进奇妙的数学世界(全3册),新星出版社,82,118.8,177888条评论,99.8%推荐
415,菲菲生气了,河北教育出版社,22.2,35.8,117260条评论,99.9%推荐
416,昆虫记(文前33张共8页高清彩色照片图+系统分类目录+昆虫谱系表+大量详注+颠覆性纠错，帮你构筑系统、正确的知识体系),时代文艺出版社,15,42,69091条评论,99.9%推荐
417,青蛙弗洛格的成长故事(全三辑，共26册),湖南少年儿童出版社,81.3,162.6,146506条评论,99.8%推荐
418,愿你历尽千帆，归来仍是少年,光明日报出版社,32.8,36.8,93373条评论,99.9%推荐
419,第一次自己睡觉,北京联合出版公司,16.4,32.8,89161条评论,100%推荐
420,有故事的汉字 全3辑(当当独家订制版，全9册),青岛出版社,96,192,29438条评论,99.9%推荐
421,昆虫记 新版 部编教材八年级(上)推荐必读篇目(名译精装典藏版 新课标推荐 无障碍阅读 朱永新及各省级教育专家审订推荐),商务印书馆,18.4,24.8,61652条评论,100%推荐
422,歪歪兔行为习惯系列互动图画书(全10册),海豚出版社,45,90,173222条评论,99.5%推荐
423,《正面管教 A-Z》：日常养育难题的1001个解决方案(畅销书《正面管教》作者力作，以实例讲解不惩罚、不娇纵管教孩子的“黄金准则”),北京联合出版公司,22.5,45,149951条评论,99.9%推荐
424,100层的巴士 麦克米伦世纪,二十一世纪出版社,17.5,35,113509条评论,100%推荐
425,丰子恺万般滋味，都是生活,华中科技大学出版社,37.4,42,184726条评论,100%推荐
426,丁丁当当(全7册),中国少年儿童出版社,62.3,124.6,88463条评论,99.9%推荐
427,吴姐姐讲历史故事(精美盒装，青少版，全15册),新世界出版社,199,398,101157条评论,99.8%推荐
428,有你真好(全三册),新疆青少年出版社,25.6,60,22548条评论,100%推荐
429,西游记(新课标 青少版),浙江教育出版社,16.9,26,85067条评论,99.9%推荐
430,杀死一只知更鸟(精装),译林出版社,28.8,48,91498条评论,100%推荐
431,高效能人士的七个习惯-25周年纪念版(团购，请致电400-106-6666转6),中国青年出版社,53.7,68,172734条评论,99.9%推荐
432,戒了吧，拖延症――写给年轻人的拖延心理学(人生有限，拖延有害，彻底告别拖延带来的恐惧和焦虑。学会时间管理，看这一本就足够，终结拖延症，你就已经成功超越了93%的人),天津人民出版社,29.2,32.8,128987条评论,99.9%推荐
433,我是猫(陈乔恩、梁文道推荐！百万畅销译本。日本“国民大师”夏目漱石笔下会“吐槽”的猫。译文轻松幽默，好读，爱猫的你一定喜欢),浙江文艺出版社,39.8,39.8,126366条评论,99.9%推荐
434,少有人走的路：心智成熟的旅程(白金升级版),中华工商联合出版社,24.9,42,243506条评论,100%推荐
435,小牛顿科学馆：全新升级版(科学蓝，30册礼品装),接力出版社,389.61,600,49878条评论,99.9%推荐
436,人生最美是清欢(林清玄经典散文集，执笔45周年白金纪念版！),北京十月文艺出版社,49.5,49.5,147035条评论,99.9%推荐
437,很杂很杂的杂学知识：拿得起放不下的学问书(让百度疯狂，谷歌抽搐的杂学百科！一书在手，让你成为异性眼中的“博学红人”，社交圈子中“风趣明星”。),中国画报出版社,17.28,36,149997条评论,99.7%推荐
438,淘气包马小跳漫画升级版(第二辑套装全十册),安徽少年儿童出版社,90,180,90412条评论,99.9%推荐
439,寻找时间的人(与《追风筝的人》《偷书贼》共同荣获美国年度最佳读物)(迪丽热巴推荐),江苏文艺出版社,31.4,36,227725条评论,100%推荐
440,郑渊洁给孙女的好习惯书：十二生肖童话绘本,天津人民出版社,67.5,135,161910条评论,99.8%推荐
441,行为心理学,现代出版社,28.4,39.8,82489条评论,99.8%推荐
442,三国演义(上 下 )(全二册)(1-9年级必读书单),人民文学出版社,25.68,39.5,118198条评论,99.9%推荐
443,哈利波特与魔法石,人民文学出版社,22.9,29,139387条评论,99.9%推荐
444,社会心理学(第11版),人民邮电出版社,82,128,106796条评论,99.9%推荐
445,西尔斯亲密育儿百科(最新修订版),南海出版公司,44.8,59.8,154610条评论,99.9%推荐
446,查令十字街84号(精装珍藏版),译林出版社,33.9,35,240927条评论,100%推荐
447,权威定本四大名著： 红楼梦 三国演义  水浒传  西游记 当当网全国独家(腰封版本随/机派发),人民文学出版社,128.05,197,144742条评论,99.6%推荐
448,格列佛游记(新课标部编本教材推荐阅读 九年级下 翻译家白马先生全译本，非改写&非编译+注音注释),浙江工商大学出版社,15.6,24,48970条评论,99.9%推荐
449,长长的路 我们慢慢走,光明日报出版社,19.4,49.9,60843条评论,100%推荐
450,杀死一只知更鸟(纪念版),译林出版社,38.6,39.8,257840条评论,100%推荐
451,亲爱的安德烈(插图第2版),广西师范大学出版社,23.4,36,170592条评论,99.9%推荐
452,阶梯数学5岁(共5册),北京科学技术出版社,36.4,70,99783条评论,99.7%推荐
453,汪曾祺散文集：人间知味,时代文艺出版社,29.7,38,32433条评论,100%推荐
454,卡耐基人际交往心理学 : 别输在不懂人情世故上,中国国际广播出版社,31,39.8,72898条评论,99.9%推荐
455,这个历史挺靠谱：袁腾飞讲历史(全三册),湖南人民出版社,93.8,99,159398条评论,99.8%推荐
456,乡土中国(精装),人民出版社,15.9,21,100465条评论,100%推荐
457,我们最好的十年(北大双胞胎苑子豪新书，苑子文推荐),中国友谊出版公司,32,45,50130条评论,100%推荐
458,不一样的卡梅拉动漫绘本(13-22),二十一世纪出版社,50,100,137645条评论,99.9%推荐
459,米小圈上学记一年级(套装共4册),四川少儿出版社,50,100,189340条评论,100%推荐
460,皮皮鲁和鲁西西流星系列(包含驯兔记等共9册),浙江少年儿童出版社,76.3,154,51509条评论,99.9%推荐
461,漫长的告别(怪不得村上春树读了12遍！每每陷入困境，村上春树便打开《漫长的告别》！全新精装插图珍藏版！)(读客经典文库),海南出版社,62.1,69,186583条评论,99.9%推荐
462,藏在地图里的古诗词图书(4册)+和纸胶带(8卷),山东省地图出版社,104.5,196,52629条评论,99.9%推荐
463,六妈罗罗新书 从容养育: 成长自我，成就孩子,中国妇女出版社,26.4,48,39343条评论,100%推荐
464,“统编版 快乐读书吧 三年级(上)安徒生童话 指定阅读(新课标，伴随一代代孩子们成长的童话故事，著名儿童文学家叶君健翻译),安徽教育出版社,13,20,89650条评论,99.9%推荐
465,明朝那些事儿全集 : 图文增补版全9册(新版),北京联合出版公司,268.9,297,225358条评论,100%推荐
466,安的种子,海燕出版社,13.4,29.8,117176条评论,100%推荐
467,国富论(上下),译林出版社,33.1,48,108083条评论,100%推荐
468,米小圈上学记四年级(套装共4册),四川少儿出版社,50,100,141570条评论,100%推荐
469,中国哲学简史,北京大学出版社,26.2,38,147004条评论,100%推荐
470,百万英镑(马克吐温经典作品集，“马克吐温”翻译权威张友松先生经典译作),作家出版社,18.8,25,91842条评论,100%推荐
471,幼儿版十万个为什么(全彩注音版，套装共8册),天津人民出版社,45.26,110.4,113469条评论,99.9%推荐
472,小猪佩奇 “我有好习惯” 行为引导系列 绘本礼盒(全10册 洗澡也能看的书),浙江少年儿童出版社,60,120,70923条评论,99.9%推荐
473,宝宝辅食添加每周计划,化学工业出版社,44.3,49.8,82151条评论,99.9%推荐
474,定位系列定位(重译版) 团购电话:4001066666转6,机械工业出版社,35.4,59,212667条评论,100%推荐
475,当我谈跑步时，我谈些什么(2015典藏版),南海出版公司,36,36,128979条评论,100%推荐
476,西尔斯怀孕百科(全新升级版),南海出版公司,34.3,45.8,127142条评论,99.9%推荐
477,武志红经典作品：为何家会伤人,北京联合出版公司,35.82,39.8,120645条评论,99.9%推荐
478,不一样的卡梅拉动漫绘本(1-12),２１世纪出版社,60,120,138062条评论,99.9%推荐
479,菊与刀(畅销全球70年，销售逾3000万册，亲切易懂的日本国民性格说明书。读者认证，销量遥遥领先。),浙江文艺出版社,30.8,35,59470条评论,100%推荐
480,去野外(博洛尼亚童书金奖、文津图书奖获奖作品),广西科学技术出版社,49,98,49029条评论,99.9%推荐
481,姜小牙上学记(套装共4册),四川少儿出版社,45,90,77761条评论,100%推荐
482,中国大历史(黄仁宇大历史观代表作),生活.读书.新知三联书店,26.6,28,122318条评论,100%推荐
483,一百个人的十年-,文化艺术出版社,35.4,39.8,101740条评论,99.9%推荐
484,秘密花园(新课标，翻译文化终身成就奖获得者李文俊倾情翻译),北京联合出版公司,14.95,23,82378条评论,99.9%推荐
485,清单人生(霍思燕推荐。巴克曼继《外婆的道歉信》新作。人生有一种艰难，是舍弃无比熟悉的生活，重新开始。随书赠暖心咖啡杯垫),天津人民出版社,42,42,59270条评论,100%推荐
486,华杉讲透《孙子兵法》(独家精装珍藏版),江苏文艺出版社,47.3,49.8,92541条评论,99.9%推荐
487,人类简史(绘本版)：给孩子的世界历史超图解,中信出版社,64,128,57849条评论,100%推荐
488,东方快车谋杀案：阿加莎克里斯蒂侦探作品集04(英格丽褒曼凭借本书改编的电影获得奥斯卡奖，英国女王出席该片首映礼),新星出版社,24.7,26,125244条评论,100%推荐
489,小熊宝宝绘本(2018版全15册)蒲蒲兰经典畅销绘本！新手妈妈的育儿宝典，销量超千万册！(0-3岁),连环画出版社,62.4,96,730278条评论,100%推荐
490,我爸爸,河北教育出版社,22.2,35.8,184613条评论,99.9%推荐
491,中国古代文化常识(插图修订第4版),北京联合出版公司,56.9,60,67062条评论,99.9%推荐
492,十几岁孩子的正面管教――教给十几岁的孩子人生技能(畅销书《正面管教》作者力作，养育青春期孩子的“黄金准则”),北京联合出版公司,17.5,35,100748条评论,100%推荐
493,信谊世界精选图画书逃家小兔,明天出版社,23.23,26.8,193933条评论,99.9%推荐
494,默读(Priest作品),百花洲文艺出版社,31,45,44215条评论,100%推荐
495,做内心强大的自己――歪歪兔逆商教育系列图画书(挫折教育绘本全10册),海豚出版社,40,80,221653条评论,99.6%推荐
496,大林和小林(新课标全本，荣获豆瓣8.9高评分的经典童话，被誉为中国儿童文学第二座里程碑),浙江工商大学出版社,11.7,18,52906条评论,100%推荐
497,知行合一王阳明大全集(1+2+3+传习录，套装共4册),北京时代华文书局,113.8,144,102526条评论,99.9%推荐
498,细菌世界历险记(中小学语文新课标必读名著 )菌儿自传 高士其科普童话 100000多名读者热评！,人民邮电出版社,16.5,22.8,102832条评论,100%推荐
499,绿野仙踪(新课标原版插图本，著名儿童文学翻译家张炽恒倾情翻译，非改写&非编译),北京联合出版公司,13.8,20,77080条评论,99.9%推荐
500,湘行散记(七年级上册自主阅读推荐),江苏人民出版社,19.1,25,82572条评论,99.9%推荐
